{"event_type": "app_launch", "user_id": "nihao003", "device_id": "dev_nihao003_18", "timestamp": 1772352745000, "page": "home", "extra_data": {"source": "direct"}}
{"event_type": "page_view", "user_id": "nihao003", "device_id": "dev_nihao003_18", "timestamp": 1772352746916, "page": "home", "extra_data": {}}
{"event_type": "page_view", "user_id": "nihao003", "device_id": "dev_nihao003_18", "timestamp": 1772352748000, "page": "product_1043", "extra_data": {"product_id": 1043, "price": 22}}
{"event_type": "click", "user_id": "nihao003", "device_id": "dev_nihao003_18", "timestamp": 1772352752904, "page": "product_1043", "extra_data": {"product_id": 1043, "element": "image"}}
{"event_type": "add_to_cart", "user_id": "nihao003", "device_id": "dev_nihao003_18", "timestamp": 1772352755304, "page": "product_1043", "extra_data": {"product_id": 1043, "price": 22, "quantity": 2}}
{"event_type": "page_view", "user_id": "nihao003", "device_id": "dev_nihao003_18", "timestamp": 1772352758248, "page": "product_1040", "extra_data": {"product_id": 1040, "price": 11}}
{"event_type": "add_to_cart", "user_id": "nihao003", "device_id": "dev_nihao003_18", "timestamp": 1772352761251, "page": "product_1040", "extra_data": {"product_id": 1040, "price": 11, "quantity": 3}}
{"event_type": "page_view", "user_id": "nihao003", "device_id": "dev_nihao003_18", "timestamp": 1772352764173, "page": "product_1042", "extra_data": {"product_id": 1042, "price": 33}}
{"event_type": "click", "user_id": "nihao003", "device_id": "dev_nihao003_18", "timestamp": 1772352767400, "page": "product_1042", "extra_data": {"product_id": 1042, "element": "image"}}
{"event_type": "add_to_cart", "user_id": "nihao003", "device_id": "dev_nihao003_18", "timestamp": 1772352769051, "page": "product_1042", "extra_data": {"product_id": 1042, "price": 33, "quantity": 3}}
{"event_type": "page_view", "user_id": "nihao003", "device_id": "dev_nihao003_18", "timestamp": 1772352771118, "page": "product_1001", "extra_data": {"product_id": 1001, "price": 67}}
{"event_type": "page_view", "user_id": "nihao003", "device_id": "dev_nihao003_18", "timestamp": 1772352775837, "page": "product_1015", "extra_data": {"product_id": 1015, "price": 97}}
{"event_type": "click", "user_id": "nihao003", "device_id": "dev_nihao003_18", "timestamp": 1772352778552, "page": "product_1015", "extra_data": {"product_id": 1015, "element": "image"}}
{"event_type": "add_to_cart", "user_id": "nihao003", "device_id": "dev_nihao003_18", "timestamp": 1772352781230, "page": "product_1015", "extra_data": {"product_id": 1015, "price": 97, "quantity": 2}}
{"event_type": "page_view", "user_id": "nihao003", "device_id": "dev_nihao003_18", "timestamp": 1772352784611, "page": "product_1041", "extra_data": {"product_id": 1041, "price": 97}}
{"event_type": "click", "user_id": "nihao003", "device_id": "dev_nihao003_18", "timestamp": 1772352788585, "page": "product_1041", "extra_data": {"product_id": 1041, "element": "image"}}
{"event_type": "app_launch", "user_id": "test005", "device_id": "dev_test005_2", "timestamp": 1772357587000, "page": "home", "extra_data": {"source": "direct"}}
{"event_type": "page_view", "user_id": "test005", "device_id": "dev_test005_2", "timestamp": 1772357587673, "page": "home", "extra_data": {}}
{"event_type": "page_view", "user_id": "test005", "device_id": "dev_test005_2", "timestamp": 1772357590000, "page": "product_1009", "extra_data": {"product_id": 1009, "price": 79}}
{"event_type": "click", "user_id": "test005", "device_id": "dev_test005_2", "timestamp": 1772357593998, "page": "product_1009", "extra_data": {"product_id": 1009, "element": "image"}}
{"event_type": "add_to_cart", "user_id": "test005", "device_id": "dev_test005_2", "timestamp": 1772357595093, "page": "product_1009", "extra_data": {"product_id": 1009, "price": 79, "quantity": 3}}
{"event_type": "page_view", "user_id": "test005", "device_id": "dev_test005_2", "timestamp": 1772357597165, "page": "product_1010", "extra_data": {"product_id": 1010, "price": 18}}
{"event_type": "click", "user_id": "test005", "device_id": "dev_test005_2", "timestamp": 1772357599521, "page": "product_1010", "extra_data": {"product_id": 1010, "element": "image"}}
{"event_type": "page_view", "user_id": "test005", "device_id": "dev_test005_2", "timestamp": 1772357601088, "page": "product_1008", "extra_data": {"product_id": 1008, "price": 23}}
{"event_type": "click", "user_id": "test005", "device_id": "dev_test005_2", "timestamp": 1772357605912, "page": "product_1008", "extra_data": {"product_id": 1008, "element": "image"}}
{"event_type": "page_view", "user_id": "test005", "device_id": "dev_test005_2", "timestamp": 1772357607863, "page": "product_1002", "extra_data": {"product_id": 1002, "price": 18}}
{"event_type": "click", "user_id": "test005", "device_id": "dev_test005_2", "timestamp": 1772357611273, "page": "product_1002", "extra_data": {"product_id": 1002, "element": "image"}}
{"event_type": "add_to_cart", "user_id": "test005", "device_id": "dev_test005_2", "timestamp": 1772357614057, "page": "product_1002", "extra_data": {"product_id": 1002, "price": 18, "quantity": 2}}
{"event_type": "page_view", "user_id": "test005", "device_id": "dev_test005_2", "timestamp": 1772357616702, "page": "product_1004", "extra_data": {"product_id": 1004, "price": 34}}
{"event_type": "click", "user_id": "test005", "device_id": "dev_test005_2", "timestamp": 1772357621040, "page": "product_1004", "extra_data": {"product_id": 1004, "element": "image"}}
{"event_type": "app_launch", "user_id": "nihao004", "device_id": "dev_nihao004_9", "timestamp": 1772370061000, "page": "home", "extra_data": {"source": "direct"}}
{"event_type": "page_view", "user_id": "nihao004", "device_id": "dev_nihao004_9", "timestamp": 1772370062910, "page": "home", "extra_data": {}}
{"event_type": "page_view", "user_id": "nihao004", "device_id": "dev_nihao004_9", "timestamp": 1772370064000, "page": "product_1040", "extra_data": {"product_id": 1040, "price": 11}}
{"event_type": "add_to_cart", "user_id": "nihao004", "device_id": "dev_nihao004_9", "timestamp": 1772370067085, "page": "product_1040", "extra_data": {"product_id": 1040, "price": 11, "quantity": 3}}
{"event_type": "page_view", "user_id": "nihao004", "device_id": "dev_nihao004_9", "timestamp": 1772370069138, "page": "product_1001", "extra_data": {"product_id": 1001, "price": 67}}
{"event_type": "add_to_cart", "user_id": "nihao004", "device_id": "dev_nihao004_9", "timestamp": 1772370072383, "page": "product_1001", "extra_data": {"product_id": 1001, "price": 67, "quantity": 1}}
{"event_type": "page_view", "user_id": "nihao004", "device_id": "dev_nihao004_9", "timestamp": 1772370075007, "page": "product_1020", "extra_data": {"product_id": 1020, "price": 49}}
{"event_type": "click", "user_id": "nihao004", "device_id": "dev_nihao004_9", "timestamp": 1772370079766, "page": "product_1020", "extra_data": {"product_id": 1020, "element": "image"}}
{"event_type": "add_to_cart", "user_id": "nihao004", "device_id": "dev_nihao004_9", "timestamp": 1772370082291, "page": "product_1020", "extra_data": {"product_id": 1020, "price": 49, "quantity": 2}}
{"event_type": "page_view", "user_id": "nihao004", "device_id": "dev_nihao004_9", "timestamp": 1772370086001, "page": "product_1010", "extra_data": {"product_id": 1010, "price": 18}}
{"event_type": "click", "user_id": "nihao004", "device_id": "dev_nihao004_9", "timestamp": 1772370090964, "page": "product_1010", "extra_data": {"product_id": 1010, "element": "image"}}
{"event_type": "add_to_cart", "user_id": "nihao004", "device_id": "dev_nihao004_9", "timestamp": 1772370092346, "page": "product_1010", "extra_data": {"product_id": 1010, "price": 18, "quantity": 3}}
{"event_type": "page_view", "user_id": "nihao004", "device_id": "dev_nihao004_9", "timestamp": 1772370096292, "page": "product_1030", "extra_data": {"product_id": 1030, "price": 17}}
{"event_type": "click", "user_id": "nihao004", "device_id": "dev_nihao004_9", "timestamp": 1772370100428, "page": "product_1030", "extra_data": {"product_id": 1030, "element": "image"}}
{"event_type": "add_to_cart", "user_id": "nihao004", "device_id": "dev_nihao004_9", "timestamp": 1772370102676, "page": "product_1030", "extra_data": {"product_id": 1030, "price": 17, "quantity": 1}}
{"event_type": "app_launch", "user_id": "andy001", "device_id": "dev_andy001_5", "timestamp": 1772371473000, "page": "home", "extra_data": {"source": "direct"}}
{"event_type": "page_view", "user_id": "andy001", "device_id": "dev_andy001_5", "timestamp": 1772371473855, "page": "home", "extra_data": {}}
{"event_type": "page_view", "user_id": "andy001", "device_id": "dev_andy001_5", "timestamp": 1772371476000, "page": "product_1001", "extra_data": {"product_id": 1001, "price": 67}}
{"event_type": "click", "user_id": "andy001", "device_id": "dev_andy001_5", "timestamp": 1772371479714, "page": "product_1001", "extra_data": {"product_id": 1001, "element": "image"}}
{"event_type": "add_to_cart", "user_id": "andy001", "device_id": "dev_andy001_5", "timestamp": 1772371481430, "page": "product_1001", "extra_data": {"product_id": 1001, "price": 67, "quantity": 2}}
{"event_type": "purchase", "user_id": "andy001", "device_id": "dev_andy001_5", "timestamp": 1772371484826, "page": "checkout", "extra_data": {"products": [{"product_id": 1001, "price": 67, "quantity": 2}], "total_amount": 134}}
{"event_type": "app_launch", "user_id": "admin", "device_id": "dev_admin_3", "timestamp": 1772415842000, "page": "home", "extra_data": {"source": "direct"}}
{"event_type": "page_view", "user_id": "admin", "device_id": "dev_admin_3", "timestamp": 1772415842969, "page": "home", "extra_data": {}}
{"event_type": "page_view", "user_id": "admin", "device_id": "dev_admin_3", "timestamp": 1772415845000, "page": "product_1053", "extra_data": {"product_id": 1053, "price": 11}}
{"event_type": "click", "user_id": "admin", "device_id": "dev_admin_3", "timestamp": 1772415849572, "page": "product_1053", "extra_data": {"product_id": 1053, "element": "image"}}
{"event_type": "add_to_cart", "user_id": "admin", "device_id": "dev_admin_3", "timestamp": 1772415852516, "page": "product_1053", "extra_data": {"product_id": 1053, "price": 11, "quantity": 3}}
{"event_type": "page_view", "user_id": "admin", "device_id": "dev_admin_3", "timestamp": 1772415855095, "page": "product_1019", "extra_data": {"product_id": 1019, "price": 56}}
{"event_type": "add_to_cart", "user_id": "admin", "device_id": "dev_admin_3", "timestamp": 1772415857911, "page": "product_1019", "extra_data": {"product_id": 1019, "price": 56, "quantity": 1}}
{"event_type": "page_view", "user_id": "admin", "device_id": "dev_admin_3", "timestamp": 1772415861153, "page": "product_1052", "extra_data": {"product_id": 1052, "price": 15}}
{"event_type": "add_to_cart", "user_id": "admin", "device_id": "dev_admin_3", "timestamp": 1772415865199, "page": "product_1052", "extra_data": {"product_id": 1052, "price": 15, "quantity": 2}}
{"event_type": "purchase", "user_id": "admin", "device_id": "dev_admin_3", "timestamp": 1772415867353, "page": "checkout", "extra_data": {"products": [{"product_id": 1019, "price": 56, "quantity": 1}, {"product_id": 1053, "price": 11, "quantity": 3}, {"product_id": 1052, "price": 15, "quantity": 2}], "total_amount": 119}}
{"event_type": "app_launch", "user_id": "nihao005", "device_id": "dev_nihao005_12", "timestamp": 1772419357000, "page": "home", "extra_data": {"source": "direct"}}
{"event_type": "page_view", "user_id": "nihao005", "device_id": "dev_nihao005_12", "timestamp": 1772419358069, "page": "home", "extra_data": {}}
{"event_type": "page_view", "user_id": "nihao005", "device_id": "dev_nihao005_12", "timestamp": 1772419360000, "page": "product_1005", "extra_data": {"product_id": 1005, "price": 29}}
{"event_type": "click", "user_id": "nihao005", "device_id": "dev_nihao005_12", "timestamp": 1772419364870, "page": "product_1005", "extra_data": {"product_id": 1005, "element": "image"}}
{"event_type": "add_to_cart", "user_id": "nihao005", "device_id": "dev_nihao005_12", "timestamp": 1772419366535, "page": "product_1005", "extra_data": {"product_id": 1005, "price": 29, "quantity": 2}}
{"event_type": "page_view", "user_id": "nihao005", "device_id": "dev_nihao005_12", "timestamp": 1772419369090, "page": "product_1035", "extra_data": {"product_id": 1035, "price": 100}}
{"event_type": "click", "user_id": "nihao005", "device_id": "dev_nihao005_12", "timestamp": 1772419371094, "page": "product_1035", "extra_data": {"product_id": 1035, "element": "image"}}
{"event_type": "page_view", "user_id": "nihao005", "device_id": "dev_nihao005_12", "timestamp": 1772419374004, "page": "product_1025", "extra_data": {"product_id": 1025, "price": 93}}
{"event_type": "click", "user_id": "nihao005", "device_id": "dev_nihao005_12", "timestamp": 1772419377409, "page": "product_1025", "extra_data": {"product_id": 1025, "element": "image"}}
{"event_type": "add_to_cart", "user_id": "nihao005", "device_id": "dev_nihao005_12", "timestamp": 1772419379301, "page": "product_1025", "extra_data": {"product_id": 1025, "price": 93, "quantity": 3}}
{"event_type": "page_view", "user_id": "nihao005", "device_id": "dev_nihao005_12", "timestamp": 1772419382914, "page": "product_1015", "extra_data": {"product_id": 1015, "price": 97}}
{"event_type": "click", "user_id": "nihao005", "device_id": "dev_nihao005_12", "timestamp": 1772419387400, "page": "product_1015", "extra_data": {"product_id": 1015, "element": "image"}}
{"event_type": "app_launch", "user_id": "nihao002", "device_id": "dev_nihao002_4", "timestamp": 1772420904000, "page": "home", "extra_data": {"source": "direct"}}
{"event_type": "page_view", "user_id": "nihao002", "device_id": "dev_nihao002_4", "timestamp": 1772420905996, "page": "home", "extra_data": {}}
{"event_type": "page_view", "user_id": "nihao002", "device_id": "dev_nihao002_4", "timestamp": 1772420907000, "page": "product_1039", "extra_data": {"product_id": 1039, "price": 33}}
{"event_type": "add_to_cart", "user_id": "nihao002", "device_id": "dev_nihao002_4", "timestamp": 1772420910322, "page": "product_1039", "extra_data": {"product_id": 1039, "price": 33, "quantity": 3}}
{"event_type": "page_view", "user_id": "nihao002", "device_id": "dev_nihao002_4", "timestamp": 1772420913104, "page": "product_1036", "extra_data": {"product_id": 1036, "price": 11}}
{"event_type": "page_view", "user_id": "nihao002", "device_id": "dev_nihao002_4", "timestamp": 1772420915626, "page": "product_1058", "extra_data": {"product_id": 1058, "price": 18}}
{"event_type": "page_view", "user_id": "nihao002", "device_id": "dev_nihao002_4", "timestamp": 1772420918416, "page": "product_1032", "extra_data": {"product_id": 1032, "price": 58}}
{"event_type": "click", "user_id": "nihao002", "device_id": "dev_nihao002_4", "timestamp": 1772420920979, "page": "product_1032", "extra_data": {"product_id": 1032, "element": "image"}}
{"event_type": "add_to_cart", "user_id": "nihao002", "device_id": "dev_nihao002_4", "timestamp": 1772420922903, "page": "product_1032", "extra_data": {"product_id": 1032, "price": 58, "quantity": 2}}
{"event_type": "page_view", "user_id": "nihao002", "device_id": "dev_nihao002_4", "timestamp": 1772420925198, "page": "product_1033", "extra_data": {"product_id": 1033, "price": 35}}
{"event_type": "click", "user_id": "nihao002", "device_id": "dev_nihao002_4", "timestamp": 1772420927356, "page": "product_1033", "extra_data": {"product_id": 1033, "element": "image"}}
{"event_type": "purchase", "user_id": "nihao002", "device_id": "dev_nihao002_4", "timestamp": 1772420929265, "page": "checkout", "extra_data": {"products": [{"product_id": 1039, "price": 33, "quantity": 3}, {"product_id": 1032, "price": 58, "quantity": 2}], "total_amount": 215}}
{"event_type": "app_launch", "user_id": "admin", "device_id": "dev_admin_6", "timestamp": 1772501078000, "page": "home", "extra_data": {"source": "direct"}}
{"event_type": "page_view", "user_id": "admin", "device_id": "dev_admin_6", "timestamp": 1772501079471, "page": "home", "extra_data": {}}
{"event_type": "page_view", "user_id": "admin", "device_id": "dev_admin_6", "timestamp": 1772501081000, "page": "product_1052", "extra_data": {"product_id": 1052, "price": 15}}
{"event_type": "add_to_cart", "user_id": "admin", "device_id": "dev_admin_6", "timestamp": 1772501083970, "page": "product_1052", "extra_data": {"product_id": 1052, "price": 15, "quantity": 2}}
{"event_type": "page_view", "user_id": "admin", "device_id": "dev_admin_6", "timestamp": 1772501086568, "page": "product_1006", "extra_data": {"product_id": 1006, "price": 33}}
{"event_type": "click", "user_id": "admin", "device_id": "dev_admin_6", "timestamp": 1772501090776, "page": "product_1006", "extra_data": {"product_id": 1006, "element": "image"}}
{"event_type": "page_view", "user_id": "admin", "device_id": "dev_admin_6", "timestamp": 1772501093538, "page": "product_1051", "extra_data": {"product_id": 1051, "price": 100}}
{"event_type": "add_to_cart", "user_id": "admin", "device_id": "dev_admin_6", "timestamp": 1772501096307, "page": "product_1051", "extra_data": {"product_id": 1051, "price": 100, "quantity": 3}}
{"event_type": "page_view", "user_id": "admin", "device_id": "dev_admin_6", "timestamp": 1772501099767, "page": "product_1054", "extra_data": {"product_id": 1054, "price": 93}}
{"event_type": "click", "user_id": "admin", "device_id": "dev_admin_6", "timestamp": 1772501104549, "page": "product_1054", "extra_data": {"product_id": 1054, "element": "image"}}
{"event_type": "page_view", "user_id": "admin", "device_id": "dev_admin_6", "timestamp": 1772501105813, "page": "product_1055", "extra_data": {"product_id": 1055, "price": 46}}
{"event_type": "purchase", "user_id": "admin", "device_id": "dev_admin_6", "timestamp": 1772501110689, "page": "checkout", "extra_data": {"products": [{"product_id": 1051, "price": 100, "quantity": 3}], "total_amount": 300}}
{"event_type": "app_launch", "user_id": "nihao004", "device_id": "dev_nihao004_0", "timestamp": 1772507600000, "page": "home", "extra_data": {"source": "direct"}}
{"event_type": "page_view", "user_id": "nihao004", "device_id": "dev_nihao004_0", "timestamp": 1772507600660, "page": "home", "extra_data": {}}
{"event_type": "page_view", "user_id": "nihao004", "device_id": "dev_nihao004_0", "timestamp": 1772507603000, "page": "product_1011", "extra_data": {"product_id": 1011, "price": 58}}
{"event_type": "page_view", "user_id": "nihao004", "device_id": "dev_nihao004_0", "timestamp": 1772507607489, "page": "product_1040", "extra_data": {"product_id": 1040, "price": 11}}
{"event_type": "click", "user_id": "nihao004", "device_id": "dev_nihao004_0", "timestamp": 1772507611009, "page": "product_1040", "extra_data": {"product_id": 1040, "element": "image"}}
{"event_type": "add_to_cart", "user_id": "nihao004", "device_id": "dev_nihao004_0", "timestamp": 1772507613715, "page": "product_1040", "extra_data": {"product_id": 1040, "price": 11, "quantity": 2}}
{"event_type": "page_view", "user_id": "nihao004", "device_id": "dev_nihao004_0", "timestamp": 1772507617188, "page": "product_1010", "extra_data": {"product_id": 1010, "price": 18}}
{"event_type": "add_to_cart", "user_id": "nihao004", "device_id": "dev_nihao004_0", "timestamp": 1772507621637, "page": "product_1010", "extra_data": {"product_id": 1010, "price": 18, "quantity": 1}}
{"event_type": "app_launch", "user_id": "renwei", "device_id": "dev_renwei_0", "timestamp": 1772513199000, "page": "home", "extra_data": {"source": "direct"}}
{"event_type": "page_view", "user_id": "renwei", "device_id": "dev_renwei_0", "timestamp": 1772513200541, "page": "home", "extra_data": {}}
{"event_type": "page_view", "user_id": "renwei", "device_id": "dev_renwei_0", "timestamp": 1772513202000, "page": "product_1011", "extra_data": {"product_id": 1011, "price": 58}}
{"event_type": "add_to_cart", "user_id": "renwei", "device_id": "dev_renwei_0", "timestamp": 1772513205423, "page": "product_1011", "extra_data": {"product_id": 1011, "price": 58, "quantity": 1}}
{"event_type": "page_view", "user_id": "renwei", "device_id": "dev_renwei_0", "timestamp": 1772513208540, "page": "product_1014", "extra_data": {"product_id": 1014, "price": 89}}
{"event_type": "click", "user_id": "renwei", "device_id": "dev_renwei_0", "timestamp": 1772513212515, "page": "product_1014", "extra_data": {"product_id": 1014, "element": "image"}}
{"event_type": "app_launch", "user_id": "nihao003", "device_id": "dev_nihao003_2", "timestamp": 1772520880000, "page": "home", "extra_data": {"source": "direct"}}
{"event_type": "page_view", "user_id": "nihao003", "device_id": "dev_nihao003_2", "timestamp": 1772520880936, "page": "home", "extra_data": {}}
{"event_type": "page_view", "user_id": "nihao003", "device_id": "dev_nihao003_2", "timestamp": 1772520883000, "page": "product_1041", "extra_data": {"product_id": 1041, "price": 97}}
{"event_type": "click", "user_id": "nihao003", "device_id": "dev_nihao003_2", "timestamp": 1772520885708, "page": "product_1041", "extra_data": {"product_id": 1041, "element": "image"}}
{"event_type": "add_to_cart", "user_id": "nihao003", "device_id": "dev_nihao003_2", "timestamp": 1772520888393, "page": "product_1041", "extra_data": {"product_id": 1041, "price": 97, "quantity": 2}}
{"event_type": "page_view", "user_id": "nihao003", "device_id": "dev_nihao003_2", "timestamp": 1772520891719, "page": "product_1040", "extra_data": {"product_id": 1040, "price": 11}}
{"event_type": "click", "user_id": "nihao003", "device_id": "dev_nihao003_2", "timestamp": 1772520894191, "page": "product_1040", "extra_data": {"product_id": 1040, "element": "image"}}
{"event_type": "add_to_cart", "user_id": "nihao003", "device_id": "dev_nihao003_2", "timestamp": 1772520896983, "page": "product_1040", "extra_data": {"product_id": 1040, "price": 11, "quantity": 1}}
{"event_type": "page_view", "user_id": "nihao003", "device_id": "dev_nihao003_2", "timestamp": 1772520899278, "page": "product_1043", "extra_data": {"product_id": 1043, "price": 22}}
{"event_type": "click", "user_id": "nihao003", "device_id": "dev_nihao003_2", "timestamp": 1772520904185, "page": "product_1043", "extra_data": {"product_id": 1043, "element": "image"}}
{"event_type": "page_view", "user_id": "nihao003", "device_id": "dev_nihao003_2", "timestamp": 1772520906720, "page": "product_1034", "extra_data": {"product_id": 1034, "price": 73}}
{"event_type": "add_to_cart", "user_id": "nihao003", "device_id": "dev_nihao003_2", "timestamp": 1772520910661, "page": "product_1034", "extra_data": {"product_id": 1034, "price": 73, "quantity": 1}}
{"event_type": "app_launch", "user_id": "nihao002", "device_id": "dev_nihao002_6", "timestamp": 1772525035000, "page": "home", "extra_data": {"source": "direct"}}
{"event_type": "page_view", "user_id": "nihao002", "device_id": "dev_nihao002_6", "timestamp": 1772525036442, "page": "home", "extra_data": {}}
{"event_type": "page_view", "user_id": "nihao002", "device_id": "dev_nihao002_6", "timestamp": 1772525038000, "page": "product_1056", "extra_data": {"product_id": 1056, "price": 87}}
{"event_type": "page_view", "user_id": "nihao002", "device_id": "dev_nihao002_6", "timestamp": 1772525041934, "page": "product_1031", "extra_data": {"product_id": 1031, "price": 27}}
{"event_type": "add_to_cart", "user_id": "nihao002", "device_id": "dev_nihao002_6", "timestamp": 1772525045949, "page": "product_1031", "extra_data": {"product_id": 1031, "price": 27, "quantity": 3}}
{"event_type": "page_view", "user_id": "nihao002", "device_id": "dev_nihao002_6", "timestamp": 1772525049057, "page": "product_1030", "extra_data": {"product_id": 1030, "price": 17}}
{"event_type": "click", "user_id": "nihao002", "device_id": "dev_nihao002_6", "timestamp": 1772525052575, "page": "product_1030", "extra_data": {"product_id": 1030, "element": "image"}}
{"event_type": "page_view", "user_id": "nihao002", "device_id": "dev_nihao002_6", "timestamp": 1772525053747, "page": "product_1007", "extra_data": {"product_id": 1007, "price": 59}}
{"event_type": "page_view", "user_id": "nihao002", "device_id": "dev_nihao002_6", "timestamp": 1772525057406, "page": "product_1034", "extra_data": {"product_id": 1034, "price": 73}}
{"event_type": "click", "user_id": "nihao002", "device_id": "dev_nihao002_6", "timestamp": 1772525060995, "page": "product_1034", "extra_data": {"product_id": 1034, "element": "image"}}
{"event_type": "add_to_cart", "user_id": "nihao002", "device_id": "dev_nihao002_6", "timestamp": 1772525062741, "page": "product_1034", "extra_data": {"product_id": 1034, "price": 73, "quantity": 2}}
{"event_type": "purchase", "user_id": "nihao002", "device_id": "dev_nihao002_6", "timestamp": 1772525065738, "page": "checkout", "extra_data": {"products": [{"product_id": 1031, "price": 27, "quantity": 3}], "total_amount": 81}}
{"event_type": "app_launch", "user_id": "andy001", "device_id": "dev_andy001_18", "timestamp": 1772526766000, "page": "home", "extra_data": {"source": "direct"}}
{"event_type": "page_view", "user_id": "andy001", "device_id": "dev_andy001_18", "timestamp": 1772526767190, "page": "home", "extra_data": {}}
{"event_type": "page_view", "user_id": "andy001", "device_id": "dev_andy001_18", "timestamp": 1772526769000, "page": "product_1024", "extra_data": {"product_id": 1024, "price": 79}}
{"event_type": "click", "user_id": "andy001", "device_id": "dev_andy001_18", "timestamp": 1772526771855, "page": "product_1024", "extra_data": {"product_id": 1024, "element": "image"}}
{"event_type": "page_view", "user_id": "andy001", "device_id": "dev_andy001_18", "timestamp": 1772526774780, "page": "product_1048", "extra_data": {"product_id": 1048, "price": 86}}
{"event_type": "page_view", "user_id": "andy001", "device_id": "dev_andy001_18", "timestamp": 1772526779628, "page": "product_1004", "extra_data": {"product_id": 1004, "price": 34}}
{"event_type": "app_launch", "user_id": "nihao002", "device_id": "dev_nihao002_8", "timestamp": 1772528719000, "page": "home", "extra_data": {"source": "direct"}}
{"event_type": "page_view", "user_id": "nihao002", "device_id": "dev_nihao002_8", "timestamp": 1772528719899, "page": "home", "extra_data": {}}
{"event_type": "page_view", "user_id": "nihao002", "device_id": "dev_nihao002_8", "timestamp": 1772528722000, "page": "product_1033", "extra_data": {"product_id": 1033, "price": 35}}
{"event_type": "click", "user_id": "nihao002", "device_id": "dev_nihao002_8", "timestamp": 1772528724236, "page": "product_1033", "extra_data": {"product_id": 1033, "element": "image"}}
{"event_type": "page_view", "user_id": "nihao002", "device_id": "dev_nihao002_8", "timestamp": 1772528726097, "page": "product_1030", "extra_data": {"product_id": 1030, "price": 17}}
{"event_type": "click", "user_id": "nihao002", "device_id": "dev_nihao002_8", "timestamp": 1772528730755, "page": "product_1030", "extra_data": {"product_id": 1030, "element": "image"}}
{"event_type": "add_to_cart", "user_id": "nihao002", "device_id": "dev_nihao002_8", "timestamp": 1772528733504, "page": "product_1030", "extra_data": {"product_id": 1030, "price": 17, "quantity": 2}}
{"event_type": "page_view", "user_id": "nihao002", "device_id": "dev_nihao002_8", "timestamp": 1772528735940, "page": "product_1003", "extra_data": {"product_id": 1003, "price": 23}}
{"event_type": "click", "user_id": "nihao002", "device_id": "dev_nihao002_8", "timestamp": 1772528739902, "page": "product_1003", "extra_data": {"product_id": 1003, "element": "image"}}
{"event_type": "page_view", "user_id": "nihao002", "device_id": "dev_nihao002_8", "timestamp": 1772528741143, "page": "product_1031", "extra_data": {"product_id": 1031, "price": 27}}
{"event_type": "click", "user_id": "nihao002", "device_id": "dev_nihao002_8", "timestamp": 1772528743890, "page": "product_1031", "extra_data": {"product_id": 1031, "element": "image"}}
{"event_type": "page_view", "user_id": "nihao002", "device_id": "dev_nihao002_8", "timestamp": 1772528746806, "page": "product_1034", "extra_data": {"product_id": 1034, "price": 73}}
{"event_type": "click", "user_id": "nihao002", "device_id": "dev_nihao002_8", "timestamp": 1772528751184, "page": "product_1034", "extra_data": {"product_id": 1034, "element": "image"}}
{"event_type": "page_view", "user_id": "nihao002", "device_id": "dev_nihao002_8", "timestamp": 1772528753787, "page": "product_1032", "extra_data": {"product_id": 1032, "price": 58}}
{"event_type": "page_view", "user_id": "nihao002", "device_id": "dev_nihao002_8", "timestamp": 1772528757493, "page": "product_1037", "extra_data": {"product_id": 1037, "price": 22}}
{"event_type": "click", "user_id": "nihao002", "device_id": "dev_nihao002_8", "timestamp": 1772528760700, "page": "product_1037", "extra_data": {"product_id": 1037, "element": "image"}}
{"event_type": "add_to_cart", "user_id": "nihao002", "device_id": "dev_nihao002_8", "timestamp": 1772528763270, "page": "product_1037", "extra_data": {"product_id": 1037, "price": 22, "quantity": 3}}
{"event_type": "app_launch", "user_id": "renwei", "device_id": "dev_renwei_1", "timestamp": 1772584968000, "page": "home", "extra_data": {"source": "direct"}}
{"event_type": "page_view", "user_id": "renwei", "device_id": "dev_renwei_1", "timestamp": 1772584969272, "page": "home", "extra_data": {}}
{"event_type": "page_view", "user_id": "renwei", "device_id": "dev_renwei_1", "timestamp": 1772584971000, "page": "product_1014", "extra_data": {"product_id": 1014, "price": 89}}
{"event_type": "page_view", "user_id": "renwei", "device_id": "dev_renwei_1", "timestamp": 1772584975353, "page": "product_1009", "extra_data": {"product_id": 1009, "price": 79}}
{"event_type": "click", "user_id": "renwei", "device_id": "dev_renwei_1", "timestamp": 1772584977607, "page": "product_1009", "extra_data": {"product_id": 1009, "element": "image"}}
{"event_type": "page_view", "user_id": "renwei", "device_id": "dev_renwei_1", "timestamp": 1772584980329, "page": "product_1020", "extra_data": {"product_id": 1020, "price": 49}}
{"event_type": "app_launch", "user_id": "nihao005", "device_id": "dev_nihao005_13", "timestamp": 1772593984000, "page": "home", "extra_data": {"source": "direct"}}
{"event_type": "page_view", "user_id": "nihao005", "device_id": "dev_nihao005_13", "timestamp": 1772593985722, "page": "home", "extra_data": {}}
{"event_type": "page_view", "user_id": "nihao005", "device_id": "dev_nihao005_13", "timestamp": 1772593987000, "page": "product_1025", "extra_data": {"product_id": 1025, "price": 93}}
{"event_type": "click", "user_id": "nihao005", "device_id": "dev_nihao005_13", "timestamp": 1772593990188, "page": "product_1025", "extra_data": {"product_id": 1025, "element": "image"}}
{"event_type": "add_to_cart", "user_id": "nihao005", "device_id": "dev_nihao005_13", "timestamp": 1772593991556, "page": "product_1025", "extra_data": {"product_id": 1025, "price": 93, "quantity": 3}}
{"event_type": "page_view", "user_id": "nihao005", "device_id": "dev_nihao005_13", "timestamp": 1772593993824, "page": "product_1005", "extra_data": {"product_id": 1005, "price": 29}}
{"event_type": "page_view", "user_id": "nihao005", "device_id": "dev_nihao005_13", "timestamp": 1772593996405, "page": "product_1014", "extra_data": {"product_id": 1014, "price": 89}}
{"event_type": "click", "user_id": "nihao005", "device_id": "dev_nihao005_13", "timestamp": 1772593999981, "page": "product_1014", "extra_data": {"product_id": 1014, "element": "image"}}
{"event_type": "page_view", "user_id": "nihao005", "device_id": "dev_nihao005_13", "timestamp": 1772594001814, "page": "product_1043", "extra_data": {"product_id": 1043, "price": 22}}
{"event_type": "page_view", "user_id": "nihao005", "device_id": "dev_nihao005_13", "timestamp": 1772594005268, "page": "product_1045", "extra_data": {"product_id": 1045, "price": 15}}
{"event_type": "click", "user_id": "nihao005", "device_id": "dev_nihao005_13", "timestamp": 1772594009791, "page": "product_1045", "extra_data": {"product_id": 1045, "element": "image"}}
{"event_type": "app_launch", "user_id": "andy001", "device_id": "dev_andy001_15", "timestamp": 1772600627000, "page": "home", "extra_data": {"source": "direct"}}
{"event_type": "page_view", "user_id": "andy001", "device_id": "dev_andy001_15", "timestamp": 1772600628545, "page": "home", "extra_data": {}}
{"event_type": "page_view", "user_id": "andy001", "device_id": "dev_andy001_15", "timestamp": 1772600630000, "page": "product_1003", "extra_data": {"product_id": 1003, "price": 23}}
{"event_type": "page_view", "user_id": "andy001", "device_id": "dev_andy001_15", "timestamp": 1772600632659, "page": "product_1056", "extra_data": {"product_id": 1056, "price": 87}}
{"event_type": "click", "user_id": "andy001", "device_id": "dev_andy001_15", "timestamp": 1772600637064, "page": "product_1056", "extra_data": {"product_id": 1056, "element": "image"}}
{"event_type": "add_to_cart", "user_id": "andy001", "device_id": "dev_andy001_15", "timestamp": 1772600638458, "page": "product_1056", "extra_data": {"product_id": 1056, "price": 87, "quantity": 3}}
{"event_type": "page_view", "user_id": "andy001", "device_id": "dev_andy001_15", "timestamp": 1772600640531, "page": "product_1021", "extra_data": {"product_id": 1021, "price": 89}}
{"event_type": "page_view", "user_id": "andy001", "device_id": "dev_andy001_15", "timestamp": 1772600645357, "page": "product_1002", "extra_data": {"product_id": 1002, "price": 18}}
{"event_type": "add_to_cart", "user_id": "andy001", "device_id": "dev_andy001_15", "timestamp": 1772600648517, "page": "product_1002", "extra_data": {"product_id": 1002, "price": 18, "quantity": 1}}
{"event_type": "page_view", "user_id": "andy001", "device_id": "dev_andy001_15", "timestamp": 1772600651069, "page": "product_1028", "extra_data": {"product_id": 1028, "price": 21}}
{"event_type": "app_launch", "user_id": "nihao003", "device_id": "dev_nihao003_0", "timestamp": 1772619469000, "page": "home", "extra_data": {"source": "direct"}}
{"event_type": "page_view", "user_id": "nihao003", "device_id": "dev_nihao003_0", "timestamp": 1772619470975, "page": "home", "extra_data": {}}
{"event_type": "page_view", "user_id": "nihao003", "device_id": "dev_nihao003_0", "timestamp": 1772619472000, "page": "product_1049", "extra_data": {"product_id": 1049, "price": 62}}
{"event_type": "click", "user_id": "nihao003", "device_id": "dev_nihao003_0", "timestamp": 1772619474833, "page": "product_1049", "extra_data": {"product_id": 1049, "element": "image"}}
{"event_type": "page_view", "user_id": "nihao003", "device_id": "dev_nihao003_0", "timestamp": 1772619476053, "page": "product_1042", "extra_data": {"product_id": 1042, "price": 33}}
{"event_type": "add_to_cart", "user_id": "nihao003", "device_id": "dev_nihao003_0", "timestamp": 1772619478857, "page": "product_1042", "extra_data": {"product_id": 1042, "price": 33, "quantity": 3}}
{"event_type": "page_view", "user_id": "nihao003", "device_id": "dev_nihao003_0", "timestamp": 1772619482520, "page": "product_1016", "extra_data": {"product_id": 1016, "price": 33}}
{"event_type": "click", "user_id": "nihao003", "device_id": "dev_nihao003_0", "timestamp": 1772619486277, "page": "product_1016", "extra_data": {"product_id": 1016, "element": "image"}}
{"event_type": "page_view", "user_id": "nihao003", "device_id": "dev_nihao003_0", "timestamp": 1772619489025, "page": "product_1043", "extra_data": {"product_id": 1043, "price": 22}}
{"event_type": "add_to_cart", "user_id": "nihao003", "device_id": "dev_nihao003_0", "timestamp": 1772619492842, "page": "product_1043", "extra_data": {"product_id": 1043, "price": 22, "quantity": 3}}
{"event_type": "page_view", "user_id": "nihao003", "device_id": "dev_nihao003_0", "timestamp": 1772619495050, "page": "product_1044", "extra_data": {"product_id": 1044, "price": 17}}
{"event_type": "add_to_cart", "user_id": "nihao003", "device_id": "dev_nihao003_0", "timestamp": 1772619497250, "page": "product_1044", "extra_data": {"product_id": 1044, "price": 17, "quantity": 2}}
{"event_type": "page_view", "user_id": "nihao003", "device_id": "dev_nihao003_0", "timestamp": 1772619500659, "page": "product_1040", "extra_data": {"product_id": 1040, "price": 11}}
{"event_type": "app_launch", "user_id": "nihao004", "device_id": "dev_nihao004_10", "timestamp": 1772620883000, "page": "home", "extra_data": {"source": "direct"}}
{"event_type": "page_view", "user_id": "nihao004", "device_id": "dev_nihao004_10", "timestamp": 1772620883916, "page": "home", "extra_data": {}}
{"event_type": "page_view", "user_id": "nihao004", "device_id": "dev_nihao004_10", "timestamp": 1772620886000, "page": "product_1010", "extra_data": {"product_id": 1010, "price": 18}}
{"event_type": "page_view", "user_id": "nihao004", "device_id": "dev_nihao004_10", "timestamp": 1772620889409, "page": "product_1030", "extra_data": {"product_id": 1030, "price": 17}}
{"event_type": "add_to_cart", "user_id": "nihao004", "device_id": "dev_nihao004_10", "timestamp": 1772620891532, "page": "product_1030", "extra_data": {"product_id": 1030, "price": 17, "quantity": 3}}
{"event_type": "app_launch", "user_id": "renwei", "device_id": "dev_renwei_17", "timestamp": 1772669488000, "page": "home", "extra_data": {"source": "direct"}}
{"event_type": "page_view", "user_id": "renwei", "device_id": "dev_renwei_17", "timestamp": 1772669489745, "page": "home", "extra_data": {}}
{"event_type": "page_view", "user_id": "renwei", "device_id": "dev_renwei_17", "timestamp": 1772669491000, "page": "product_1054", "extra_data": {"product_id": 1054, "price": 93}}
{"event_type": "click", "user_id": "renwei", "device_id": "dev_renwei_17", "timestamp": 1772669495517, "page": "product_1054", "extra_data": {"product_id": 1054, "element": "image"}}
{"event_type": "page_view", "user_id": "renwei", "device_id": "dev_renwei_17", "timestamp": 1772669497990, "page": "product_1013", "extra_data": {"product_id": 1013, "price": 75}}
{"event_type": "click", "user_id": "renwei", "device_id": "dev_renwei_17", "timestamp": 1772669501095, "page": "product_1013", "extra_data": {"product_id": 1013, "element": "image"}}
{"event_type": "add_to_cart", "user_id": "renwei", "device_id": "dev_renwei_17", "timestamp": 1772669503382, "page": "product_1013", "extra_data": {"product_id": 1013, "price": 75, "quantity": 2}}
{"event_type": "page_view", "user_id": "renwei", "device_id": "dev_renwei_17", "timestamp": 1772669506581, "page": "product_1014", "extra_data": {"product_id": 1014, "price": 89}}
{"event_type": "app_launch", "user_id": "andy001", "device_id": "dev_andy001_4", "timestamp": 1772669992000, "page": "home", "extra_data": {"source": "direct"}}
{"event_type": "page_view", "user_id": "andy001", "device_id": "dev_andy001_4", "timestamp": 1772669993823, "page": "home", "extra_data": {}}
{"event_type": "page_view", "user_id": "andy001", "device_id": "dev_andy001_4", "timestamp": 1772669995000, "page": "product_1002", "extra_data": {"product_id": 1002, "price": 18}}
{"event_type": "click", "user_id": "andy001", "device_id": "dev_andy001_4", "timestamp": 1772669998368, "page": "product_1002", "extra_data": {"product_id": 1002, "element": "image"}}
{"event_type": "add_to_cart", "user_id": "andy001", "device_id": "dev_andy001_4", "timestamp": 1772670001115, "page": "product_1002", "extra_data": {"product_id": 1002, "price": 18, "quantity": 3}}
{"event_type": "page_view", "user_id": "andy001", "device_id": "dev_andy001_4", "timestamp": 1772670004634, "page": "product_1003", "extra_data": {"product_id": 1003, "price": 23}}
{"event_type": "click", "user_id": "andy001", "device_id": "dev_andy001_4", "timestamp": 1772670007509, "page": "product_1003", "extra_data": {"product_id": 1003, "element": "image"}}
{"event_type": "add_to_cart", "user_id": "andy001", "device_id": "dev_andy001_4", "timestamp": 1772670009126, "page": "product_1003", "extra_data": {"product_id": 1003, "price": 23, "quantity": 2}}
{"event_type": "page_view", "user_id": "andy001", "device_id": "dev_andy001_4", "timestamp": 1772670011680, "page": "product_1039", "extra_data": {"product_id": 1039, "price": 33}}
{"event_type": "app_launch", "user_id": "nihao002", "device_id": "dev_nihao002_23", "timestamp": 1772677410000, "page": "home", "extra_data": {"source": "direct"}}
{"event_type": "page_view", "user_id": "nihao002", "device_id": "dev_nihao002_23", "timestamp": 1772677411480, "page": "home", "extra_data": {}}
{"event_type": "page_view", "user_id": "nihao002", "device_id": "dev_nihao002_23", "timestamp": 1772677413000, "page": "product_1030", "extra_data": {"product_id": 1030, "price": 17}}
{"event_type": "add_to_cart", "user_id": "nihao002", "device_id": "dev_nihao002_23", "timestamp": 1772677417335, "page": "product_1030", "extra_data": {"product_id": 1030, "price": 17, "quantity": 2}}
{"event_type": "page_view", "user_id": "nihao002", "device_id": "dev_nihao002_23", "timestamp": 1772677420874, "page": "product_1032", "extra_data": {"product_id": 1032, "price": 58}}
{"event_type": "click", "user_id": "nihao002", "device_id": "dev_nihao002_23", "timestamp": 1772677425750, "page": "product_1032", "extra_data": {"product_id": 1032, "element": "image"}}
{"event_type": "add_to_cart", "user_id": "nihao002", "device_id": "dev_nihao002_23", "timestamp": 1772677428084, "page": "product_1032", "extra_data": {"product_id": 1032, "price": 58, "quantity": 1}}
{"event_type": "page_view", "user_id": "nihao002", "device_id": "dev_nihao002_23", "timestamp": 1772677431678, "page": "product_1015", "extra_data": {"product_id": 1015, "price": 97}}
{"event_type": "click", "user_id": "nihao002", "device_id": "dev_nihao002_23", "timestamp": 1772677435305, "page": "product_1015", "extra_data": {"product_id": 1015, "element": "image"}}
{"event_type": "add_to_cart", "user_id": "nihao002", "device_id": "dev_nihao002_23", "timestamp": 1772677436944, "page": "product_1015", "extra_data": {"product_id": 1015, "price": 97, "quantity": 1}}
{"event_type": "page_view", "user_id": "nihao002", "device_id": "dev_nihao002_23", "timestamp": 1772677440434, "page": "product_1055", "extra_data": {"product_id": 1055, "price": 46}}
{"event_type": "app_launch", "user_id": "admin", "device_id": "dev_admin_0", "timestamp": 1772683926000, "page": "home", "extra_data": {"source": "direct"}}
{"event_type": "page_view", "user_id": "admin", "device_id": "dev_admin_0", "timestamp": 1772683927591, "page": "home", "extra_data": {}}
{"event_type": "page_view", "user_id": "admin", "device_id": "dev_admin_0", "timestamp": 1772683929000, "page": "product_1054", "extra_data": {"product_id": 1054, "price": 93}}
{"event_type": "page_view", "user_id": "admin", "device_id": "dev_admin_0", "timestamp": 1772683931296, "page": "product_1052", "extra_data": {"product_id": 1052, "price": 15}}
{"event_type": "click", "user_id": "admin", "device_id": "dev_admin_0", "timestamp": 1772683933481, "page": "product_1052", "extra_data": {"product_id": 1052, "element": "image"}}
{"event_type": "page_view", "user_id": "admin", "device_id": "dev_admin_0", "timestamp": 1772683936072, "page": "product_1004", "extra_data": {"product_id": 1004, "price": 34}}
{"event_type": "click", "user_id": "admin", "device_id": "dev_admin_0", "timestamp": 1772683940102, "page": "product_1004", "extra_data": {"product_id": 1004, "element": "image"}}
{"event_type": "page_view", "user_id": "admin", "device_id": "dev_admin_0", "timestamp": 1772683941978, "page": "product_1050", "extra_data": {"product_id": 1050, "price": 42}}
{"event_type": "add_to_cart", "user_id": "admin", "device_id": "dev_admin_0", "timestamp": 1772683945756, "page": "product_1050", "extra_data": {"product_id": 1050, "price": 42, "quantity": 1}}
{"event_type": "page_view", "user_id": "admin", "device_id": "dev_admin_0", "timestamp": 1772683948690, "page": "product_1026", "extra_data": {"product_id": 1026, "price": 78}}
{"event_type": "app_launch", "user_id": "renwei", "device_id": "dev_renwei_6", "timestamp": 1772691026000, "page": "home", "extra_data": {"source": "direct"}}
{"event_type": "page_view", "user_id": "renwei", "device_id": "dev_renwei_6", "timestamp": 1772691027829, "page": "home", "extra_data": {}}
{"event_type": "page_view", "user_id": "renwei", "device_id": "dev_renwei_6", "timestamp": 1772691029000, "page": "product_1013", "extra_data": {"product_id": 1013, "price": 75}}
{"event_type": "click", "user_id": "renwei", "device_id": "dev_renwei_6", "timestamp": 1772691031321, "page": "product_1013", "extra_data": {"product_id": 1013, "element": "image"}}
{"event_type": "page_view", "user_id": "renwei", "device_id": "dev_renwei_6", "timestamp": 1772691032769, "page": "product_1010", "extra_data": {"product_id": 1010, "price": 18}}
{"event_type": "click", "user_id": "renwei", "device_id": "dev_renwei_6", "timestamp": 1772691035960, "page": "product_1010", "extra_data": {"product_id": 1010, "element": "image"}}
{"event_type": "page_view", "user_id": "renwei", "device_id": "dev_renwei_6", "timestamp": 1772691037821, "page": "product_1039", "extra_data": {"product_id": 1039, "price": 33}}
{"event_type": "click", "user_id": "renwei", "device_id": "dev_renwei_6", "timestamp": 1772691040714, "page": "product_1039", "extra_data": {"product_id": 1039, "element": "image"}}
{"event_type": "app_launch", "user_id": "nihao002", "device_id": "dev_nihao002_11", "timestamp": 1772692541000, "page": "home", "extra_data": {"source": "direct"}}
{"event_type": "page_view", "user_id": "nihao002", "device_id": "dev_nihao002_11", "timestamp": 1772692541754, "page": "home", "extra_data": {}}
{"event_type": "page_view", "user_id": "nihao002", "device_id": "dev_nihao002_11", "timestamp": 1772692544000, "page": "product_1032", "extra_data": {"product_id": 1032, "price": 58}}
{"event_type": "click", "user_id": "nihao002", "device_id": "dev_nihao002_11", "timestamp": 1772692547882, "page": "product_1032", "extra_data": {"product_id": 1032, "element": "image"}}
{"event_type": "add_to_cart", "user_id": "nihao002", "device_id": "dev_nihao002_11", "timestamp": 1772692550102, "page": "product_1032", "extra_data": {"product_id": 1032, "price": 58, "quantity": 2}}
{"event_type": "page_view", "user_id": "nihao002", "device_id": "dev_nihao002_11", "timestamp": 1772692552576, "page": "product_1039", "extra_data": {"product_id": 1039, "price": 33}}
{"event_type": "page_view", "user_id": "nihao002", "device_id": "dev_nihao002_11", "timestamp": 1772692554925, "page": "product_1047", "extra_data": {"product_id": 1047, "price": 23}}
{"event_type": "click", "user_id": "nihao002", "device_id": "dev_nihao002_11", "timestamp": 1772692557699, "page": "product_1047", "extra_data": {"product_id": 1047, "element": "image"}}
{"event_type": "app_launch", "user_id": "nihao004", "device_id": "dev_nihao004_13", "timestamp": 1772694630000, "page": "home", "extra_data": {"source": "direct"}}
{"event_type": "page_view", "user_id": "nihao004", "device_id": "dev_nihao004_13", "timestamp": 1772694630525, "page": "home", "extra_data": {}}
{"event_type": "page_view", "user_id": "nihao004", "device_id": "dev_nihao004_13", "timestamp": 1772694633000, "page": "product_1020", "extra_data": {"product_id": 1020, "price": 49}}
{"event_type": "click", "user_id": "nihao004", "device_id": "dev_nihao004_13", "timestamp": 1772694635496, "page": "product_1020", "extra_data": {"product_id": 1020, "element": "image"}}
{"event_type": "page_view", "user_id": "nihao004", "device_id": "dev_nihao004_13", "timestamp": 1772694637691, "page": "product_1001", "extra_data": {"product_id": 1001, "price": 67}}
{"event_type": "add_to_cart", "user_id": "nihao004", "device_id": "dev_nihao004_13", "timestamp": 1772694640921, "page": "product_1001", "extra_data": {"product_id": 1001, "price": 67, "quantity": 3}}
{"event_type": "page_view", "user_id": "nihao004", "device_id": "dev_nihao004_13", "timestamp": 1772694643724, "page": "product_1040", "extra_data": {"product_id": 1040, "price": 11}}
{"event_type": "add_to_cart", "user_id": "nihao004", "device_id": "dev_nihao004_13", "timestamp": 1772694647113, "page": "product_1040", "extra_data": {"product_id": 1040, "price": 11, "quantity": 3}}
{"event_type": "page_view", "user_id": "nihao004", "device_id": "dev_nihao004_13", "timestamp": 1772694649260, "page": "product_1018", "extra_data": {"product_id": 1018, "price": 45}}
{"event_type": "click", "user_id": "nihao004", "device_id": "dev_nihao004_13", "timestamp": 1772694653357, "page": "product_1018", "extra_data": {"product_id": 1018, "element": "image"}}
{"event_type": "app_launch", "user_id": "renwei", "device_id": "dev_renwei_11", "timestamp": 1772698348000, "page": "home", "extra_data": {"source": "direct"}}
{"event_type": "page_view", "user_id": "renwei", "device_id": "dev_renwei_11", "timestamp": 1772698348966, "page": "home", "extra_data": {}}
{"event_type": "page_view", "user_id": "renwei", "device_id": "dev_renwei_11", "timestamp": 1772698351000, "page": "product_1013", "extra_data": {"product_id": 1013, "price": 75}}
{"event_type": "add_to_cart", "user_id": "renwei", "device_id": "dev_renwei_11", "timestamp": 1772698354466, "page": "product_1013", "extra_data": {"product_id": 1013, "price": 75, "quantity": 1}}
{"event_type": "page_view", "user_id": "renwei", "device_id": "dev_renwei_11", "timestamp": 1772698358354, "page": "product_1011", "extra_data": {"product_id": 1011, "price": 58}}
{"event_type": "add_to_cart", "user_id": "renwei", "device_id": "dev_renwei_11", "timestamp": 1772698362933, "page": "product_1011", "extra_data": {"product_id": 1011, "price": 58, "quantity": 3}}
{"event_type": "page_view", "user_id": "renwei", "device_id": "dev_renwei_11", "timestamp": 1772698366867, "page": "product_1035", "extra_data": {"product_id": 1035, "price": 100}}
{"event_type": "app_launch", "user_id": "renwei", "device_id": "dev_renwei_10", "timestamp": 1772704148000, "page": "home", "extra_data": {"source": "direct"}}
{"event_type": "page_view", "user_id": "renwei", "device_id": "dev_renwei_10", "timestamp": 1772704148710, "page": "home", "extra_data": {}}
{"event_type": "page_view", "user_id": "renwei", "device_id": "dev_renwei_10", "timestamp": 1772704151000, "page": "product_1010", "extra_data": {"product_id": 1010, "price": 18}}
{"event_type": "click", "user_id": "renwei", "device_id": "dev_renwei_10", "timestamp": 1772704154645, "page": "product_1010", "extra_data": {"product_id": 1010, "element": "image"}}
{"event_type": "add_to_cart", "user_id": "renwei", "device_id": "dev_renwei_10", "timestamp": 1772704155792, "page": "product_1010", "extra_data": {"product_id": 1010, "price": 18, "quantity": 1}}
{"event_type": "page_view", "user_id": "renwei", "device_id": "dev_renwei_10", "timestamp": 1772704158183, "page": "product_1013", "extra_data": {"product_id": 1013, "price": 75}}
{"event_type": "page_view", "user_id": "renwei", "device_id": "dev_renwei_10", "timestamp": 1772704162344, "page": "product_1057", "extra_data": {"product_id": 1057, "price": 24}}
{"event_type": "page_view", "user_id": "renwei", "device_id": "dev_renwei_10", "timestamp": 1772704165383, "page": "product_1014", "extra_data": {"product_id": 1014, "price": 89}}
{"event_type": "add_to_cart", "user_id": "renwei", "device_id": "dev_renwei_10", "timestamp": 1772704168666, "page": "product_1014", "extra_data": {"product_id": 1014, "price": 89, "quantity": 2}}
{"event_type": "page_view", "user_id": "renwei", "device_id": "dev_renwei_10", "timestamp": 1772704171909, "page": "product_1011", "extra_data": {"product_id": 1011, "price": 58}}
{"event_type": "click", "user_id": "renwei", "device_id": "dev_renwei_10", "timestamp": 1772704174198, "page": "product_1011", "extra_data": {"product_id": 1011, "element": "image"}}
{"event_type": "add_to_cart", "user_id": "renwei", "device_id": "dev_renwei_10", "timestamp": 1772704175759, "page": "product_1011", "extra_data": {"product_id": 1011, "price": 58, "quantity": 3}}
{"event_type": "page_view", "user_id": "renwei", "device_id": "dev_renwei_10", "timestamp": 1772704179442, "page": "product_1028", "extra_data": {"product_id": 1028, "price": 21}}
{"event_type": "app_launch", "user_id": "renwei", "device_id": "dev_renwei_15", "timestamp": 1772710387000, "page": "home", "extra_data": {"source": "direct"}}
{"event_type": "page_view", "user_id": "renwei", "device_id": "dev_renwei_15", "timestamp": 1772710387893, "page": "home", "extra_data": {}}
{"event_type": "page_view", "user_id": "renwei", "device_id": "dev_renwei_15", "timestamp": 1772710390000, "page": "product_1014", "extra_data": {"product_id": 1014, "price": 89}}
{"event_type": "click", "user_id": "renwei", "device_id": "dev_renwei_15", "timestamp": 1772710392803, "page": "product_1014", "extra_data": {"product_id": 1014, "element": "image"}}
{"event_type": "add_to_cart", "user_id": "renwei", "device_id": "dev_renwei_15", "timestamp": 1772710395627, "page": "product_1014", "extra_data": {"product_id": 1014, "price": 89, "quantity": 3}}
{"event_type": "page_view", "user_id": "renwei", "device_id": "dev_renwei_15", "timestamp": 1772710399522, "page": "product_1010", "extra_data": {"product_id": 1010, "price": 18}}
{"event_type": "page_view", "user_id": "renwei", "device_id": "dev_renwei_15", "timestamp": 1772710404429, "page": "product_1013", "extra_data": {"product_id": 1013, "price": 75}}
{"event_type": "click", "user_id": "renwei", "device_id": "dev_renwei_15", "timestamp": 1772710408677, "page": "product_1013", "extra_data": {"product_id": 1013, "element": "image"}}
{"event_type": "add_to_cart", "user_id": "renwei", "device_id": "dev_renwei_15", "timestamp": 1772710411334, "page": "product_1013", "extra_data": {"product_id": 1013, "price": 75, "quantity": 2}}
{"event_type": "page_view", "user_id": "renwei", "device_id": "dev_renwei_15", "timestamp": 1772710414151, "page": "product_1012", "extra_data": {"product_id": 1012, "price": 26}}
{"event_type": "click", "user_id": "renwei", "device_id": "dev_renwei_15", "timestamp": 1772710416797, "page": "product_1012", "extra_data": {"product_id": 1012, "element": "image"}}
{"event_type": "page_view", "user_id": "renwei", "device_id": "dev_renwei_15", "timestamp": 1772710418739, "page": "product_1031", "extra_data": {"product_id": 1031, "price": 27}}
{"event_type": "add_to_cart", "user_id": "renwei", "device_id": "dev_renwei_15", "timestamp": 1772710422263, "page": "product_1031", "extra_data": {"product_id": 1031, "price": 27, "quantity": 1}}
{"event_type": "app_launch", "user_id": "nihao005", "device_id": "dev_nihao005_25", "timestamp": 1772763888000, "page": "home", "extra_data": {"source": "direct"}}
{"event_type": "page_view", "user_id": "nihao005", "device_id": "dev_nihao005_25", "timestamp": 1772763889371, "page": "home", "extra_data": {}}
{"event_type": "page_view", "user_id": "nihao005", "device_id": "dev_nihao005_25", "timestamp": 1772763891000, "page": "product_1015", "extra_data": {"product_id": 1015, "price": 97}}
{"event_type": "add_to_cart", "user_id": "nihao005", "device_id": "dev_nihao005_25", "timestamp": 1772763894648, "page": "product_1015", "extra_data": {"product_id": 1015, "price": 97, "quantity": 2}}
{"event_type": "page_view", "user_id": "nihao005", "device_id": "dev_nihao005_25", "timestamp": 1772763898299, "page": "product_1035", "extra_data": {"product_id": 1035, "price": 100}}
{"event_type": "add_to_cart", "user_id": "nihao005", "device_id": "dev_nihao005_25", "timestamp": 1772763902703, "page": "product_1035", "extra_data": {"product_id": 1035, "price": 100, "quantity": 3}}
{"event_type": "page_view", "user_id": "nihao005", "device_id": "dev_nihao005_25", "timestamp": 1772763905174, "page": "product_1045", "extra_data": {"product_id": 1045, "price": 15}}
{"event_type": "add_to_cart", "user_id": "nihao005", "device_id": "dev_nihao005_25", "timestamp": 1772763907614, "page": "product_1045", "extra_data": {"product_id": 1045, "price": 15, "quantity": 1}}
{"event_type": "purchase", "user_id": "nihao005", "device_id": "dev_nihao005_25", "timestamp": 1772763909822, "page": "checkout", "extra_data": {"products": [{"product_id": 1045, "price": 15, "quantity": 1}, {"product_id": 1015, "price": 97, "quantity": 2}], "total_amount": 209}}
{"event_type": "app_launch", "user_id": "nihao005", "device_id": "dev_nihao005_28", "timestamp": 1772767529000, "page": "home", "extra_data": {"source": "direct"}}
{"event_type": "page_view", "user_id": "nihao005", "device_id": "dev_nihao005_28", "timestamp": 1772767530608, "page": "home", "extra_data": {}}
{"event_type": "page_view", "user_id": "nihao005", "device_id": "dev_nihao005_28", "timestamp": 1772767532000, "page": "product_1041", "extra_data": {"product_id": 1041, "price": 97}}
{"event_type": "page_view", "user_id": "nihao005", "device_id": "dev_nihao005_28", "timestamp": 1772767534899, "page": "product_1025", "extra_data": {"product_id": 1025, "price": 93}}
{"event_type": "add_to_cart", "user_id": "nihao005", "device_id": "dev_nihao005_28", "timestamp": 1772767539361, "page": "product_1025", "extra_data": {"product_id": 1025, "price": 93, "quantity": 3}}
{"event_type": "page_view", "user_id": "nihao005", "device_id": "dev_nihao005_28", "timestamp": 1772767542520, "page": "product_1015", "extra_data": {"product_id": 1015, "price": 97}}
{"event_type": "add_to_cart", "user_id": "nihao005", "device_id": "dev_nihao005_28", "timestamp": 1772767547153, "page": "product_1015", "extra_data": {"product_id": 1015, "price": 97, "quantity": 2}}
{"event_type": "page_view", "user_id": "nihao005", "device_id": "dev_nihao005_28", "timestamp": 1772767550042, "page": "product_1035", "extra_data": {"product_id": 1035, "price": 100}}
{"event_type": "click", "user_id": "nihao005", "device_id": "dev_nihao005_28", "timestamp": 1772767552479, "page": "product_1035", "extra_data": {"product_id": 1035, "element": "image"}}
{"event_type": "add_to_cart", "user_id": "nihao005", "device_id": "dev_nihao005_28", "timestamp": 1772767554357, "page": "product_1035", "extra_data": {"product_id": 1035, "price": 100, "quantity": 2}}
{"event_type": "page_view", "user_id": "nihao005", "device_id": "dev_nihao005_28", "timestamp": 1772767556564, "page": "product_1005", "extra_data": {"product_id": 1005, "price": 29}}
{"event_type": "add_to_cart", "user_id": "nihao005", "device_id": "dev_nihao005_28", "timestamp": 1772767558612, "page": "product_1005", "extra_data": {"product_id": 1005, "price": 29, "quantity": 2}}
{"event_type": "page_view", "user_id": "nihao005", "device_id": "dev_nihao005_28", "timestamp": 1772767562094, "page": "product_1045", "extra_data": {"product_id": 1045, "price": 15}}
{"event_type": "add_to_cart", "user_id": "nihao005", "device_id": "dev_nihao005_28", "timestamp": 1772767565559, "page": "product_1045", "extra_data": {"product_id": 1045, "price": 15, "quantity": 2}}
{"event_type": "app_launch", "user_id": "test005", "device_id": "dev_test005_8", "timestamp": 1772784499000, "page": "home", "extra_data": {"source": "direct"}}
{"event_type": "page_view", "user_id": "test005", "device_id": "dev_test005_8", "timestamp": 1772784500353, "page": "home", "extra_data": {}}
{"event_type": "page_view", "user_id": "test005", "device_id": "dev_test005_8", "timestamp": 1772784502000, "page": "product_1004", "extra_data": {"product_id": 1004, "price": 34}}
{"event_type": "add_to_cart", "user_id": "test005", "device_id": "dev_test005_8", "timestamp": 1772784504272, "page": "product_1004", "extra_data": {"product_id": 1004, "price": 34, "quantity": 3}}
{"event_type": "page_view", "user_id": "test005", "device_id": "dev_test005_8", "timestamp": 1772784506814, "page": "product_1002", "extra_data": {"product_id": 1002, "price": 18}}
{"event_type": "click", "user_id": "test005", "device_id": "dev_test005_8", "timestamp": 1772784509331, "page": "product_1002", "extra_data": {"product_id": 1002, "element": "image"}}
{"event_type": "add_to_cart", "user_id": "test005", "device_id": "dev_test005_8", "timestamp": 1772784512127, "page": "product_1002", "extra_data": {"product_id": 1002, "price": 18, "quantity": 1}}
{"event_type": "page_view", "user_id": "test005", "device_id": "dev_test005_8", "timestamp": 1772784515091, "page": "product_1006", "extra_data": {"product_id": 1006, "price": 33}}
{"event_type": "add_to_cart", "user_id": "test005", "device_id": "dev_test005_8", "timestamp": 1772784519497, "page": "product_1006", "extra_data": {"product_id": 1006, "price": 33, "quantity": 1}}
{"event_type": "page_view", "user_id": "test005", "device_id": "dev_test005_8", "timestamp": 1772784523448, "page": "product_1022", "extra_data": {"product_id": 1022, "price": 58}}
{"event_type": "page_view", "user_id": "test005", "device_id": "dev_test005_8", "timestamp": 1772784526580, "page": "product_1040", "extra_data": {"product_id": 1040, "price": 11}}
{"event_type": "click", "user_id": "test005", "device_id": "dev_test005_8", "timestamp": 1772784529889, "page": "product_1040", "extra_data": {"product_id": 1040, "element": "image"}}
{"event_type": "add_to_cart", "user_id": "test005", "device_id": "dev_test005_8", "timestamp": 1772784531413, "page": "product_1040", "extra_data": {"product_id": 1040, "price": 11, "quantity": 1}}
{"event_type": "purchase", "user_id": "test005", "device_id": "dev_test005_8", "timestamp": 1772784535397, "page": "checkout", "extra_data": {"products": [{"product_id": 1040, "price": 11, "quantity": 1}, {"product_id": 1006, "price": 33, "quantity": 1}], "total_amount": 44}}
{"event_type": "app_launch", "user_id": "nihao002", "device_id": "dev_nihao002_27", "timestamp": 1772788327000, "page": "home", "extra_data": {"source": "direct"}}
{"event_type": "page_view", "user_id": "nihao002", "device_id": "dev_nihao002_27", "timestamp": 1772788327783, "page": "home", "extra_data": {}}
{"event_type": "page_view", "user_id": "nihao002", "device_id": "dev_nihao002_27", "timestamp": 1772788330000, "page": "product_1031", "extra_data": {"product_id": 1031, "price": 27}}
{"event_type": "click", "user_id": "nihao002", "device_id": "dev_nihao002_27", "timestamp": 1772788332370, "page": "product_1031", "extra_data": {"product_id": 1031, "element": "image"}}
{"event_type": "page_view", "user_id": "nihao002", "device_id": "dev_nihao002_27", "timestamp": 1772788334776, "page": "product_1032", "extra_data": {"product_id": 1032, "price": 58}}
{"event_type": "page_view", "user_id": "nihao002", "device_id": "dev_nihao002_27", "timestamp": 1772788338446, "page": "product_1030", "extra_data": {"product_id": 1030, "price": 17}}
{"event_type": "click", "user_id": "nihao002", "device_id": "dev_nihao002_27", "timestamp": 1772788341815, "page": "product_1030", "extra_data": {"product_id": 1030, "element": "image"}}
{"event_type": "add_to_cart", "user_id": "nihao002", "device_id": "dev_nihao002_27", "timestamp": 1772788344339, "page": "product_1030", "extra_data": {"product_id": 1030, "price": 17, "quantity": 3}}
{"event_type": "page_view", "user_id": "nihao002", "device_id": "dev_nihao002_27", "timestamp": 1772788346489, "page": "product_1034", "extra_data": {"product_id": 1034, "price": 73}}
{"event_type": "page_view", "user_id": "nihao002", "device_id": "dev_nihao002_27", "timestamp": 1772788349603, "page": "product_1019", "extra_data": {"product_id": 1019, "price": 56}}
{"event_type": "click", "user_id": "nihao002", "device_id": "dev_nihao002_27", "timestamp": 1772788354371, "page": "product_1019", "extra_data": {"product_id": 1019, "element": "image"}}
{"event_type": "add_to_cart", "user_id": "nihao002", "device_id": "dev_nihao002_27", "timestamp": 1772788357156, "page": "product_1019", "extra_data": {"product_id": 1019, "price": 56, "quantity": 3}}
{"event_type": "app_launch", "user_id": "nihao004", "device_id": "dev_nihao004_2", "timestamp": 1772857452000, "page": "home", "extra_data": {"source": "direct"}}
{"event_type": "page_view", "user_id": "nihao004", "device_id": "dev_nihao004_2", "timestamp": 1772857453414, "page": "home", "extra_data": {}}
{"event_type": "page_view", "user_id": "nihao004", "device_id": "dev_nihao004_2", "timestamp": 1772857455000, "page": "product_1047", "extra_data": {"product_id": 1047, "price": 23}}
{"event_type": "click", "user_id": "nihao004", "device_id": "dev_nihao004_2", "timestamp": 1772857458121, "page": "product_1047", "extra_data": {"product_id": 1047, "element": "image"}}
{"event_type": "page_view", "user_id": "nihao004", "device_id": "dev_nihao004_2", "timestamp": 1772857460772, "page": "product_1040", "extra_data": {"product_id": 1040, "price": 11}}
{"event_type": "click", "user_id": "nihao004", "device_id": "dev_nihao004_2", "timestamp": 1772857464577, "page": "product_1040", "extra_data": {"product_id": 1040, "element": "image"}}
{"event_type": "page_view", "user_id": "nihao004", "device_id": "dev_nihao004_2", "timestamp": 1772857466528, "page": "product_1020", "extra_data": {"product_id": 1020, "price": 49}}
{"event_type": "click", "user_id": "nihao004", "device_id": "dev_nihao004_2", "timestamp": 1772857470602, "page": "product_1020", "extra_data": {"product_id": 1020, "element": "image"}}
{"event_type": "add_to_cart", "user_id": "nihao004", "device_id": "dev_nihao004_2", "timestamp": 1772857472946, "page": "product_1020", "extra_data": {"product_id": 1020, "price": 49, "quantity": 1}}
{"event_type": "page_view", "user_id": "nihao004", "device_id": "dev_nihao004_2", "timestamp": 1772857475104, "page": "product_1031", "extra_data": {"product_id": 1031, "price": 27}}
{"event_type": "click", "user_id": "nihao004", "device_id": "dev_nihao004_2", "timestamp": 1772857477364, "page": "product_1031", "extra_data": {"product_id": 1031, "element": "image"}}
{"event_type": "page_view", "user_id": "nihao004", "device_id": "dev_nihao004_2", "timestamp": 1772857479449, "page": "product_1025", "extra_data": {"product_id": 1025, "price": 93}}
{"event_type": "click", "user_id": "nihao004", "device_id": "dev_nihao004_2", "timestamp": 1772857483170, "page": "product_1025", "extra_data": {"product_id": 1025, "element": "image"}}
{"event_type": "add_to_cart", "user_id": "nihao004", "device_id": "dev_nihao004_2", "timestamp": 1772857484645, "page": "product_1025", "extra_data": {"product_id": 1025, "price": 93, "quantity": 2}}
{"event_type": "app_launch", "user_id": "nihao005", "device_id": "dev_nihao005_17", "timestamp": 1772882994000, "page": "home", "extra_data": {"source": "direct"}}
{"event_type": "page_view", "user_id": "nihao005", "device_id": "dev_nihao005_17", "timestamp": 1772882995617, "page": "home", "extra_data": {}}
{"event_type": "page_view", "user_id": "nihao005", "device_id": "dev_nihao005_17", "timestamp": 1772882997000, "page": "product_1015", "extra_data": {"product_id": 1015, "price": 97}}
{"event_type": "click", "user_id": "nihao005", "device_id": "dev_nihao005_17", "timestamp": 1772883001170, "page": "product_1015", "extra_data": {"product_id": 1015, "element": "image"}}
{"event_type": "page_view", "user_id": "nihao005", "device_id": "dev_nihao005_17", "timestamp": 1772883003666, "page": "product_1038", "extra_data": {"product_id": 1038, "price": 15}}
{"event_type": "page_view", "user_id": "nihao005", "device_id": "dev_nihao005_17", "timestamp": 1772883008052, "page": "product_1012", "extra_data": {"product_id": 1012, "price": 26}}
{"event_type": "add_to_cart", "user_id": "nihao005", "device_id": "dev_nihao005_17", "timestamp": 1772883011637, "page": "product_1012", "extra_data": {"product_id": 1012, "price": 26, "quantity": 2}}
{"event_type": "page_view", "user_id": "nihao005", "device_id": "dev_nihao005_17", "timestamp": 1772883014967, "page": "product_1005", "extra_data": {"product_id": 1005, "price": 29}}
{"event_type": "click", "user_id": "nihao005", "device_id": "dev_nihao005_17", "timestamp": 1772883019283, "page": "product_1005", "extra_data": {"product_id": 1005, "element": "image"}}
{"event_type": "page_view", "user_id": "nihao005", "device_id": "dev_nihao005_17", "timestamp": 1772883021843, "page": "product_1042", "extra_data": {"product_id": 1042, "price": 33}}
{"event_type": "click", "user_id": "nihao005", "device_id": "dev_nihao005_17", "timestamp": 1772883024765, "page": "product_1042", "extra_data": {"product_id": 1042, "element": "image"}}
{"event_type": "purchase", "user_id": "nihao005", "device_id": "dev_nihao005_17", "timestamp": 1772883025970, "page": "checkout", "extra_data": {"products": [{"product_id": 1012, "price": 26, "quantity": 2}], "total_amount": 52}}
{"event_type": "app_launch", "user_id": "admin", "device_id": "dev_admin_9", "timestamp": 1772888058000, "page": "home", "extra_data": {"source": "direct"}}
{"event_type": "page_view", "user_id": "admin", "device_id": "dev_admin_9", "timestamp": 1772888059556, "page": "home", "extra_data": {}}
{"event_type": "page_view", "user_id": "admin", "device_id": "dev_admin_9", "timestamp": 1772888061000, "page": "product_1054", "extra_data": {"product_id": 1054, "price": 93}}
{"event_type": "page_view", "user_id": "admin", "device_id": "dev_admin_9", "timestamp": 1772888063770, "page": "product_1052", "extra_data": {"product_id": 1052, "price": 15}}
{"event_type": "page_view", "user_id": "admin", "device_id": "dev_admin_9", "timestamp": 1772888067848, "page": "product_1050", "extra_data": {"product_id": 1050, "price": 42}}
{"event_type": "click", "user_id": "admin", "device_id": "dev_admin_9", "timestamp": 1772888070063, "page": "product_1050", "extra_data": {"product_id": 1050, "element": "image"}}
{"event_type": "add_to_cart", "user_id": "admin", "device_id": "dev_admin_9", "timestamp": 1772888072648, "page": "product_1050", "extra_data": {"product_id": 1050, "price": 42, "quantity": 1}}
{"event_type": "app_launch", "user_id": "nihao", "device_id": "dev_nihao_18", "timestamp": 1772894017000, "page": "home", "extra_data": {"source": "direct"}}
{"event_type": "page_view", "user_id": "nihao", "device_id": "dev_nihao_18", "timestamp": 1772894017618, "page": "home", "extra_data": {}}
{"event_type": "page_view", "user_id": "nihao", "device_id": "dev_nihao_18", "timestamp": 1772894020000, "page": "product_1024", "extra_data": {"product_id": 1024, "price": 79}}
{"event_type": "click", "user_id": "nihao", "device_id": "dev_nihao_18", "timestamp": 1772894023136, "page": "product_1024", "extra_data": {"product_id": 1024, "element": "image"}}
{"event_type": "add_to_cart", "user_id": "nihao", "device_id": "dev_nihao_18", "timestamp": 1772894024954, "page": "product_1024", "extra_data": {"product_id": 1024, "price": 79, "quantity": 1}}
{"event_type": "page_view", "user_id": "nihao", "device_id": "dev_nihao_18", "timestamp": 1772894028792, "page": "product_1053", "extra_data": {"product_id": 1053, "price": 11}}
{"event_type": "click", "user_id": "nihao", "device_id": "dev_nihao_18", "timestamp": 1772894032651, "page": "product_1053", "extra_data": {"product_id": 1053, "element": "image"}}
{"event_type": "page_view", "user_id": "nihao", "device_id": "dev_nihao_18", "timestamp": 1772894034544, "page": "product_1022", "extra_data": {"product_id": 1022, "price": 58}}
{"event_type": "click", "user_id": "nihao", "device_id": "dev_nihao_18", "timestamp": 1772894038599, "page": "product_1022", "extra_data": {"product_id": 1022, "element": "image"}}
{"event_type": "page_view", "user_id": "nihao", "device_id": "dev_nihao_18", "timestamp": 1772894040871, "page": "product_1020", "extra_data": {"product_id": 1020, "price": 49}}
{"event_type": "click", "user_id": "nihao", "device_id": "dev_nihao_18", "timestamp": 1772894045457, "page": "product_1020", "extra_data": {"product_id": 1020, "element": "image"}}
{"event_type": "add_to_cart", "user_id": "nihao", "device_id": "dev_nihao_18", "timestamp": 1772894046988, "page": "product_1020", "extra_data": {"product_id": 1020, "price": 49, "quantity": 1}}
{"event_type": "page_view", "user_id": "nihao", "device_id": "dev_nihao_18", "timestamp": 1772894049833, "page": "product_1023", "extra_data": {"product_id": 1023, "price": 96}}
{"event_type": "page_view", "user_id": "nihao", "device_id": "dev_nihao_18", "timestamp": 1772894052945, "page": "product_1005", "extra_data": {"product_id": 1005, "price": 29}}
{"event_type": "click", "user_id": "nihao", "device_id": "dev_nihao_18", "timestamp": 1772894055138, "page": "product_1005", "extra_data": {"product_id": 1005, "element": "image"}}
{"event_type": "app_launch", "user_id": "nihao003", "device_id": "dev_nihao003_5", "timestamp": 1772934517000, "page": "home", "extra_data": {"source": "direct"}}
{"event_type": "page_view", "user_id": "nihao003", "device_id": "dev_nihao003_5", "timestamp": 1772934518689, "page": "home", "extra_data": {}}
{"event_type": "page_view", "user_id": "nihao003", "device_id": "dev_nihao003_5", "timestamp": 1772934520000, "page": "product_1040", "extra_data": {"product_id": 1040, "price": 11}}
{"event_type": "click", "user_id": "nihao003", "device_id": "dev_nihao003_5", "timestamp": 1772934522886, "page": "product_1040", "extra_data": {"product_id": 1040, "element": "image"}}
{"event_type": "page_view", "user_id": "nihao003", "device_id": "dev_nihao003_5", "timestamp": 1772934524821, "page": "product_1029", "extra_data": {"product_id": 1029, "price": 74}}
{"event_type": "add_to_cart", "user_id": "nihao003", "device_id": "dev_nihao003_5", "timestamp": 1772934526906, "page": "product_1029", "extra_data": {"product_id": 1029, "price": 74, "quantity": 2}}
{"event_type": "page_view", "user_id": "nihao003", "device_id": "dev_nihao003_5", "timestamp": 1772934530779, "page": "product_1016", "extra_data": {"product_id": 1016, "price": 33}}
{"event_type": "purchase", "user_id": "nihao003", "device_id": "dev_nihao003_5", "timestamp": 1772934535065, "page": "checkout", "extra_data": {"products": [{"product_id": 1029, "price": 74, "quantity": 2}], "total_amount": 148}}
{"event_type": "app_launch", "user_id": "nihao005", "device_id": "dev_nihao005_5", "timestamp": 1772945521000, "page": "home", "extra_data": {"source": "direct"}}
{"event_type": "page_view", "user_id": "nihao005", "device_id": "dev_nihao005_5", "timestamp": 1772945522908, "page": "home", "extra_data": {}}
{"event_type": "page_view", "user_id": "nihao005", "device_id": "dev_nihao005_5", "timestamp": 1772945524000, "page": "product_1005", "extra_data": {"product_id": 1005, "price": 29}}
{"event_type": "click", "user_id": "nihao005", "device_id": "dev_nihao005_5", "timestamp": 1772945527470, "page": "product_1005", "extra_data": {"product_id": 1005, "element": "image"}}
{"event_type": "add_to_cart", "user_id": "nihao005", "device_id": "dev_nihao005_5", "timestamp": 1772945530316, "page": "product_1005", "extra_data": {"product_id": 1005, "price": 29, "quantity": 2}}
{"event_type": "page_view", "user_id": "nihao005", "device_id": "dev_nihao005_5", "timestamp": 1772945534148, "page": "product_1035", "extra_data": {"product_id": 1035, "price": 100}}
{"event_type": "click", "user_id": "nihao005", "device_id": "dev_nihao005_5", "timestamp": 1772945538389, "page": "product_1035", "extra_data": {"product_id": 1035, "element": "image"}}
{"event_type": "add_to_cart", "user_id": "nihao005", "device_id": "dev_nihao005_5", "timestamp": 1772945540408, "page": "product_1035", "extra_data": {"product_id": 1035, "price": 100, "quantity": 1}}
{"event_type": "page_view", "user_id": "nihao005", "device_id": "dev_nihao005_5", "timestamp": 1772945542496, "page": "product_1012", "extra_data": {"product_id": 1012, "price": 26}}
{"event_type": "click", "user_id": "nihao005", "device_id": "dev_nihao005_5", "timestamp": 1772945545754, "page": "product_1012", "extra_data": {"product_id": 1012, "element": "image"}}
{"event_type": "page_view", "user_id": "nihao005", "device_id": "dev_nihao005_5", "timestamp": 1772945547141, "page": "product_1045", "extra_data": {"product_id": 1045, "price": 15}}
{"event_type": "click", "user_id": "nihao005", "device_id": "dev_nihao005_5", "timestamp": 1772945551757, "page": "product_1045", "extra_data": {"product_id": 1045, "element": "image"}}
{"event_type": "add_to_cart", "user_id": "nihao005", "device_id": "dev_nihao005_5", "timestamp": 1772945553204, "page": "product_1045", "extra_data": {"product_id": 1045, "price": 15, "quantity": 1}}
{"event_type": "app_launch", "user_id": "test005", "device_id": "dev_test005_12", "timestamp": 1772956196000, "page": "home", "extra_data": {"source": "direct"}}
{"event_type": "page_view", "user_id": "test005", "device_id": "dev_test005_12", "timestamp": 1772956197858, "page": "home", "extra_data": {}}
{"event_type": "page_view", "user_id": "test005", "device_id": "dev_test005_12", "timestamp": 1772956199000, "page": "product_1001", "extra_data": {"product_id": 1001, "price": 67}}
{"event_type": "page_view", "user_id": "test005", "device_id": "dev_test005_12", "timestamp": 1772956202251, "page": "product_1004", "extra_data": {"product_id": 1004, "price": 34}}
{"event_type": "add_to_cart", "user_id": "test005", "device_id": "dev_test005_12", "timestamp": 1772956205819, "page": "product_1004", "extra_data": {"product_id": 1004, "price": 34, "quantity": 1}}
{"event_type": "page_view", "user_id": "test005", "device_id": "dev_test005_12", "timestamp": 1772956208986, "page": "product_1006", "extra_data": {"product_id": 1006, "price": 33}}
{"event_type": "page_view", "user_id": "test005", "device_id": "dev_test005_12", "timestamp": 1772956211086, "page": "product_1008", "extra_data": {"product_id": 1008, "price": 23}}
{"event_type": "add_to_cart", "user_id": "test005", "device_id": "dev_test005_12", "timestamp": 1772956215081, "page": "product_1008", "extra_data": {"product_id": 1008, "price": 23, "quantity": 2}}
{"event_type": "page_view", "user_id": "test005", "device_id": "dev_test005_12", "timestamp": 1772956218145, "page": "product_1002", "extra_data": {"product_id": 1002, "price": 18}}
{"event_type": "click", "user_id": "test005", "device_id": "dev_test005_12", "timestamp": 1772956222888, "page": "product_1002", "extra_data": {"product_id": 1002, "element": "image"}}
{"event_type": "add_to_cart", "user_id": "test005", "device_id": "dev_test005_12", "timestamp": 1772956224878, "page": "product_1002", "extra_data": {"product_id": 1002, "price": 18, "quantity": 3}}
{"event_type": "purchase", "user_id": "test005", "device_id": "dev_test005_12", "timestamp": 1772956226925, "page": "checkout", "extra_data": {"products": [{"product_id": 1002, "price": 18, "quantity": 3}, {"product_id": 1008, "price": 23, "quantity": 2}], "total_amount": 100}}
{"event_type": "app_launch", "user_id": "andy001", "device_id": "dev_andy001_8", "timestamp": 1772959226000, "page": "home", "extra_data": {"source": "direct"}}
{"event_type": "page_view", "user_id": "andy001", "device_id": "dev_andy001_8", "timestamp": 1772959227311, "page": "home", "extra_data": {}}
{"event_type": "page_view", "user_id": "andy001", "device_id": "dev_andy001_8", "timestamp": 1772959229000, "page": "product_1002", "extra_data": {"product_id": 1002, "price": 18}}
{"event_type": "click", "user_id": "andy001", "device_id": "dev_andy001_8", "timestamp": 1772959231618, "page": "product_1002", "extra_data": {"product_id": 1002, "element": "image"}}
{"event_type": "add_to_cart", "user_id": "andy001", "device_id": "dev_andy001_8", "timestamp": 1772959232701, "page": "product_1002", "extra_data": {"product_id": 1002, "price": 18, "quantity": 3}}
{"event_type": "page_view", "user_id": "andy001", "device_id": "dev_andy001_8", "timestamp": 1772959234739, "page": "product_1001", "extra_data": {"product_id": 1001, "price": 67}}
{"event_type": "click", "user_id": "andy001", "device_id": "dev_andy001_8", "timestamp": 1772959237398, "page": "product_1001", "extra_data": {"product_id": 1001, "element": "image"}}
{"event_type": "page_view", "user_id": "andy001", "device_id": "dev_andy001_8", "timestamp": 1772959240275, "page": "product_1005", "extra_data": {"product_id": 1005, "price": 29}}
{"event_type": "click", "user_id": "andy001", "device_id": "dev_andy001_8", "timestamp": 1772959245232, "page": "product_1005", "extra_data": {"product_id": 1005, "element": "image"}}
{"event_type": "page_view", "user_id": "andy001", "device_id": "dev_andy001_8", "timestamp": 1772959246447, "page": "product_1008", "extra_data": {"product_id": 1008, "price": 23}}
{"event_type": "app_launch", "user_id": "nihao004", "device_id": "dev_nihao004_5", "timestamp": 1772961343000, "page": "home", "extra_data": {"source": "direct"}}
{"event_type": "page_view", "user_id": "nihao004", "device_id": "dev_nihao004_5", "timestamp": 1772961344870, "page": "home", "extra_data": {}}
{"event_type": "page_view", "user_id": "nihao004", "device_id": "dev_nihao004_5", "timestamp": 1772961346000, "page": "product_1001", "extra_data": {"product_id": 1001, "price": 67}}
{"event_type": "add_to_cart", "user_id": "nihao004", "device_id": "dev_nihao004_5", "timestamp": 1772961350131, "page": "product_1001", "extra_data": {"product_id": 1001, "price": 67, "quantity": 3}}
{"event_type": "page_view", "user_id": "nihao004", "device_id": "dev_nihao004_5", "timestamp": 1772961353912, "page": "product_1040", "extra_data": {"product_id": 1040, "price": 11}}
{"event_type": "purchase", "user_id": "nihao004", "device_id": "dev_nihao004_5", "timestamp": 1772961358329, "page": "checkout", "extra_data": {"products": [{"product_id": 1001, "price": 67, "quantity": 3}], "total_amount": 201}}
{"event_type": "app_launch", "user_id": "admin", "device_id": "dev_admin_2", "timestamp": 1772961634000, "page": "home", "extra_data": {"source": "direct"}}
{"event_type": "page_view", "user_id": "admin", "device_id": "dev_admin_2", "timestamp": 1772961634717, "page": "home", "extra_data": {}}
{"event_type": "page_view", "user_id": "admin", "device_id": "dev_admin_2", "timestamp": 1772961637000, "page": "product_1053", "extra_data": {"product_id": 1053, "price": 11}}
{"event_type": "add_to_cart", "user_id": "admin", "device_id": "dev_admin_2", "timestamp": 1772961641867, "page": "product_1053", "extra_data": {"product_id": 1053, "price": 11, "quantity": 2}}
{"event_type": "page_view", "user_id": "admin", "device_id": "dev_admin_2", "timestamp": 1772961644546, "page": "product_1015", "extra_data": {"product_id": 1015, "price": 97}}
{"event_type": "page_view", "user_id": "admin", "device_id": "dev_admin_2", "timestamp": 1772961647407, "page": "product_1011", "extra_data": {"product_id": 1011, "price": 58}}
{"event_type": "add_to_cart", "user_id": "admin", "device_id": "dev_admin_2", "timestamp": 1772961651248, "page": "product_1011", "extra_data": {"product_id": 1011, "price": 58, "quantity": 1}}
{"event_type": "page_view", "user_id": "admin", "device_id": "dev_admin_2", "timestamp": 1772961654546, "page": "product_1051", "extra_data": {"product_id": 1051, "price": 100}}
{"event_type": "add_to_cart", "user_id": "admin", "device_id": "dev_admin_2", "timestamp": 1772961659249, "page": "product_1051", "extra_data": {"product_id": 1051, "price": 100, "quantity": 3}}
{"event_type": "page_view", "user_id": "admin", "device_id": "dev_admin_2", "timestamp": 1772961661692, "page": "product_1054", "extra_data": {"product_id": 1054, "price": 93}}
{"event_type": "add_to_cart", "user_id": "admin", "device_id": "dev_admin_2", "timestamp": 1772961664047, "page": "product_1054", "extra_data": {"product_id": 1054, "price": 93, "quantity": 3}}
{"event_type": "app_launch", "user_id": "renwei", "device_id": "dev_renwei_5", "timestamp": 1772963888000, "page": "home", "extra_data": {"source": "direct"}}
{"event_type": "page_view", "user_id": "renwei", "device_id": "dev_renwei_5", "timestamp": 1772963889804, "page": "home", "extra_data": {}}
{"event_type": "page_view", "user_id": "renwei", "device_id": "dev_renwei_5", "timestamp": 1772963891000, "page": "product_1014", "extra_data": {"product_id": 1014, "price": 89}}
{"event_type": "click", "user_id": "renwei", "device_id": "dev_renwei_5", "timestamp": 1772963894158, "page": "product_1014", "extra_data": {"product_id": 1014, "element": "image"}}
{"event_type": "add_to_cart", "user_id": "renwei", "device_id": "dev_renwei_5", "timestamp": 1772963896118, "page": "product_1014", "extra_data": {"product_id": 1014, "price": 89, "quantity": 3}}
{"event_type": "page_view", "user_id": "renwei", "device_id": "dev_renwei_5", "timestamp": 1772963898736, "page": "product_1011", "extra_data": {"product_id": 1011, "price": 58}}
{"event_type": "page_view", "user_id": "renwei", "device_id": "dev_renwei_5", "timestamp": 1772963900972, "page": "product_1022", "extra_data": {"product_id": 1022, "price": 58}}
{"event_type": "page_view", "user_id": "renwei", "device_id": "dev_renwei_5", "timestamp": 1772963903154, "page": "product_1010", "extra_data": {"product_id": 1010, "price": 18}}
{"event_type": "click", "user_id": "renwei", "device_id": "dev_renwei_5", "timestamp": 1772963905936, "page": "product_1010", "extra_data": {"product_id": 1010, "element": "image"}}
{"event_type": "add_to_cart", "user_id": "renwei", "device_id": "dev_renwei_5", "timestamp": 1772963908921, "page": "product_1010", "extra_data": {"product_id": 1010, "price": 18, "quantity": 2}}
{"event_type": "app_launch", "user_id": "test005", "device_id": "dev_test005_11", "timestamp": 1773038181000, "page": "home", "extra_data": {"source": "direct"}}
{"event_type": "page_view", "user_id": "test005", "device_id": "dev_test005_11", "timestamp": 1773038181983, "page": "home", "extra_data": {}}
{"event_type": "page_view", "user_id": "test005", "device_id": "dev_test005_11", "timestamp": 1773038184000, "page": "product_1008", "extra_data": {"product_id": 1008, "price": 23}}
{"event_type": "click", "user_id": "test005", "device_id": "dev_test005_11", "timestamp": 1773038188746, "page": "product_1008", "extra_data": {"product_id": 1008, "element": "image"}}
{"event_type": "page_view", "user_id": "test005", "device_id": "dev_test005_11", "timestamp": 1773038190883, "page": "product_1020", "extra_data": {"product_id": 1020, "price": 49}}
{"event_type": "click", "user_id": "test005", "device_id": "dev_test005_11", "timestamp": 1773038193093, "page": "product_1020", "extra_data": {"product_id": 1020, "element": "image"}}
{"event_type": "add_to_cart", "user_id": "test005", "device_id": "dev_test005_11", "timestamp": 1773038194171, "page": "product_1020", "extra_data": {"product_id": 1020, "price": 49, "quantity": 1}}
{"event_type": "page_view", "user_id": "test005", "device_id": "dev_test005_11", "timestamp": 1773038196426, "page": "product_1006", "extra_data": {"product_id": 1006, "price": 33}}
{"event_type": "click", "user_id": "test005", "device_id": "dev_test005_11", "timestamp": 1773038200049, "page": "product_1006", "extra_data": {"product_id": 1006, "element": "image"}}
{"event_type": "purchase", "user_id": "test005", "device_id": "dev_test005_11", "timestamp": 1773038201143, "page": "checkout", "extra_data": {"products": [{"product_id": 1020, "price": 49, "quantity": 1}], "total_amount": 49}}
{"event_type": "app_launch", "user_id": "test005", "device_id": "dev_test005_13", "timestamp": 1773038754000, "page": "home", "extra_data": {"source": "direct"}}
{"event_type": "page_view", "user_id": "test005", "device_id": "dev_test005_13", "timestamp": 1773038754562, "page": "home", "extra_data": {}}
{"event_type": "page_view", "user_id": "test005", "device_id": "dev_test005_13", "timestamp": 1773038757000, "page": "product_1002", "extra_data": {"product_id": 1002, "price": 18}}
{"event_type": "page_view", "user_id": "test005", "device_id": "dev_test005_13", "timestamp": 1773038760266, "page": "product_1016", "extra_data": {"product_id": 1016, "price": 33}}
{"event_type": "click", "user_id": "test005", "device_id": "dev_test005_13", "timestamp": 1773038764157, "page": "product_1016", "extra_data": {"product_id": 1016, "element": "image"}}
{"event_type": "add_to_cart", "user_id": "test005", "device_id": "dev_test005_13", "timestamp": 1773038766678, "page": "product_1016", "extra_data": {"product_id": 1016, "price": 33, "quantity": 1}}
{"event_type": "page_view", "user_id": "test005", "device_id": "dev_test005_13", "timestamp": 1773038768687, "page": "product_1010", "extra_data": {"product_id": 1010, "price": 18}}
{"event_type": "click", "user_id": "test005", "device_id": "dev_test005_13", "timestamp": 1773038772911, "page": "product_1010", "extra_data": {"product_id": 1010, "element": "image"}}
{"event_type": "add_to_cart", "user_id": "test005", "device_id": "dev_test005_13", "timestamp": 1773038773929, "page": "product_1010", "extra_data": {"product_id": 1010, "price": 18, "quantity": 2}}
{"event_type": "page_view", "user_id": "test005", "device_id": "dev_test005_13", "timestamp": 1773038776878, "page": "product_1020", "extra_data": {"product_id": 1020, "price": 49}}
{"event_type": "app_launch", "user_id": "nihao", "device_id": "dev_nihao_10", "timestamp": 1773049940000, "page": "home", "extra_data": {"source": "direct"}}
{"event_type": "page_view", "user_id": "nihao", "device_id": "dev_nihao_10", "timestamp": 1773049941579, "page": "home", "extra_data": {}}
{"event_type": "page_view", "user_id": "nihao", "device_id": "dev_nihao_10", "timestamp": 1773049943000, "page": "product_1022", "extra_data": {"product_id": 1022, "price": 58}}
{"event_type": "click", "user_id": "nihao", "device_id": "dev_nihao_10", "timestamp": 1773049946646, "page": "product_1022", "extra_data": {"product_id": 1022, "element": "image"}}
{"event_type": "add_to_cart", "user_id": "nihao", "device_id": "dev_nihao_10", "timestamp": 1773049948594, "page": "product_1022", "extra_data": {"product_id": 1022, "price": 58, "quantity": 2}}
{"event_type": "page_view", "user_id": "nihao", "device_id": "dev_nihao_10", "timestamp": 1773049951736, "page": "product_1024", "extra_data": {"product_id": 1024, "price": 79}}
{"event_type": "click", "user_id": "nihao", "device_id": "dev_nihao_10", "timestamp": 1773049955718, "page": "product_1024", "extra_data": {"product_id": 1024, "element": "image"}}
{"event_type": "page_view", "user_id": "nihao", "device_id": "dev_nihao_10", "timestamp": 1773049957860, "page": "product_1041", "extra_data": {"product_id": 1041, "price": 97}}
{"event_type": "app_launch", "user_id": "test005", "device_id": "dev_test005_19", "timestamp": 1773110767000, "page": "home", "extra_data": {"source": "direct"}}
{"event_type": "page_view", "user_id": "test005", "device_id": "dev_test005_19", "timestamp": 1773110767761, "page": "home", "extra_data": {}}
{"event_type": "page_view", "user_id": "test005", "device_id": "dev_test005_19", "timestamp": 1773110770000, "page": "product_1008", "extra_data": {"product_id": 1008, "price": 23}}
{"event_type": "add_to_cart", "user_id": "test005", "device_id": "dev_test005_19", "timestamp": 1773110772562, "page": "product_1008", "extra_data": {"product_id": 1008, "price": 23, "quantity": 2}}
{"event_type": "page_view", "user_id": "test005", "device_id": "dev_test005_19", "timestamp": 1773110775716, "page": "product_1004", "extra_data": {"product_id": 1004, "price": 34}}
{"event_type": "page_view", "user_id": "test005", "device_id": "dev_test005_19", "timestamp": 1773110779863, "page": "product_1017", "extra_data": {"product_id": 1017, "price": 34}}
{"event_type": "add_to_cart", "user_id": "test005", "device_id": "dev_test005_19", "timestamp": 1773110783072, "page": "product_1017", "extra_data": {"product_id": 1017, "price": 34, "quantity": 2}}
{"event_type": "page_view", "user_id": "test005", "device_id": "dev_test005_19", "timestamp": 1773110785103, "page": "product_1006", "extra_data": {"product_id": 1006, "price": 33}}
{"event_type": "click", "user_id": "test005", "device_id": "dev_test005_19", "timestamp": 1773110787939, "page": "product_1006", "extra_data": {"product_id": 1006, "element": "image"}}
{"event_type": "purchase", "user_id": "test005", "device_id": "dev_test005_19", "timestamp": 1773110790366, "page": "checkout", "extra_data": {"products": [{"product_id": 1017, "price": 34, "quantity": 2}], "total_amount": 68}}
{"event_type": "app_launch", "user_id": "nihao", "device_id": "dev_nihao_5", "timestamp": 1773121971000, "page": "home", "extra_data": {"source": "direct"}}
{"event_type": "page_view", "user_id": "nihao", "device_id": "dev_nihao_5", "timestamp": 1773121972054, "page": "home", "extra_data": {}}
{"event_type": "page_view", "user_id": "nihao", "device_id": "dev_nihao_5", "timestamp": 1773121974000, "page": "product_1024", "extra_data": {"product_id": 1024, "price": 79}}
{"event_type": "page_view", "user_id": "nihao", "device_id": "dev_nihao_5", "timestamp": 1773121978104, "page": "product_1030", "extra_data": {"product_id": 1030, "price": 17}}
{"event_type": "add_to_cart", "user_id": "nihao", "device_id": "dev_nihao_5", "timestamp": 1773121982872, "page": "product_1030", "extra_data": {"product_id": 1030, "price": 17, "quantity": 2}}
{"event_type": "page_view", "user_id": "nihao", "device_id": "dev_nihao_5", "timestamp": 1773121985091, "page": "product_1022", "extra_data": {"product_id": 1022, "price": 58}}
{"event_type": "click", "user_id": "nihao", "device_id": "dev_nihao_5", "timestamp": 1773121987235, "page": "product_1022", "extra_data": {"product_id": 1022, "element": "image"}}
{"event_type": "page_view", "user_id": "nihao", "device_id": "dev_nihao_5", "timestamp": 1773121988652, "page": "product_1020", "extra_data": {"product_id": 1020, "price": 49}}
{"event_type": "click", "user_id": "nihao", "device_id": "dev_nihao_5", "timestamp": 1773121991137, "page": "product_1020", "extra_data": {"product_id": 1020, "element": "image"}}
{"event_type": "purchase", "user_id": "nihao", "device_id": "dev_nihao_5", "timestamp": 1773121992744, "page": "checkout", "extra_data": {"products": [{"product_id": 1030, "price": 17, "quantity": 2}], "total_amount": 34}}
{"event_type": "app_launch", "user_id": "renwei", "device_id": "dev_renwei_7", "timestamp": 1773140872000, "page": "home", "extra_data": {"source": "direct"}}
{"event_type": "page_view", "user_id": "renwei", "device_id": "dev_renwei_7", "timestamp": 1773140873253, "page": "home", "extra_data": {}}
{"event_type": "page_view", "user_id": "renwei", "device_id": "dev_renwei_7", "timestamp": 1773140875000, "page": "product_1014", "extra_data": {"product_id": 1014, "price": 89}}
{"event_type": "click", "user_id": "renwei", "device_id": "dev_renwei_7", "timestamp": 1773140878813, "page": "product_1014", "extra_data": {"product_id": 1014, "element": "image"}}
{"event_type": "add_to_cart", "user_id": "renwei", "device_id": "dev_renwei_7", "timestamp": 1773140880052, "page": "product_1014", "extra_data": {"product_id": 1014, "price": 89, "quantity": 3}}
{"event_type": "page_view", "user_id": "renwei", "device_id": "dev_renwei_7", "timestamp": 1773140882886, "page": "product_1023", "extra_data": {"product_id": 1023, "price": 96}}
{"event_type": "click", "user_id": "renwei", "device_id": "dev_renwei_7", "timestamp": 1773140886694, "page": "product_1023", "extra_data": {"product_id": 1023, "element": "image"}}
{"event_type": "page_view", "user_id": "renwei", "device_id": "dev_renwei_7", "timestamp": 1773140888904, "page": "product_1011", "extra_data": {"product_id": 1011, "price": 58}}
{"event_type": "click", "user_id": "renwei", "device_id": "dev_renwei_7", "timestamp": 1773140893702, "page": "product_1011", "extra_data": {"product_id": 1011, "element": "image"}}
{"event_type": "add_to_cart", "user_id": "renwei", "device_id": "dev_renwei_7", "timestamp": 1773140896066, "page": "product_1011", "extra_data": {"product_id": 1011, "price": 58, "quantity": 3}}
{"event_type": "page_view", "user_id": "renwei", "device_id": "dev_renwei_7", "timestamp": 1773140899631, "page": "product_1035", "extra_data": {"product_id": 1035, "price": 100}}
{"event_type": "click", "user_id": "renwei", "device_id": "dev_renwei_7", "timestamp": 1773140902778, "page": "product_1035", "extra_data": {"product_id": 1035, "element": "image"}}
{"event_type": "app_launch", "user_id": "admin", "device_id": "dev_admin_13", "timestamp": 1773143329000, "page": "home", "extra_data": {"source": "direct"}}
{"event_type": "page_view", "user_id": "admin", "device_id": "dev_admin_13", "timestamp": 1773143329592, "page": "home", "extra_data": {}}
{"event_type": "page_view", "user_id": "admin", "device_id": "dev_admin_13", "timestamp": 1773143332000, "page": "product_1053", "extra_data": {"product_id": 1053, "price": 11}}
{"event_type": "add_to_cart", "user_id": "admin", "device_id": "dev_admin_13", "timestamp": 1773143334729, "page": "product_1053", "extra_data": {"product_id": 1053, "price": 11, "quantity": 1}}
{"event_type": "page_view", "user_id": "admin", "device_id": "dev_admin_13", "timestamp": 1773143337860, "page": "product_1054", "extra_data": {"product_id": 1054, "price": 93}}
{"event_type": "click", "user_id": "admin", "device_id": "dev_admin_13", "timestamp": 1773143340540, "page": "product_1054", "extra_data": {"product_id": 1054, "element": "image"}}
{"event_type": "page_view", "user_id": "admin", "device_id": "dev_admin_13", "timestamp": 1773143343060, "page": "product_1052", "extra_data": {"product_id": 1052, "price": 15}}
{"event_type": "click", "user_id": "admin", "device_id": "dev_admin_13", "timestamp": 1773143346627, "page": "product_1052", "extra_data": {"product_id": 1052, "element": "image"}}
{"event_type": "add_to_cart", "user_id": "admin", "device_id": "dev_admin_13", "timestamp": 1773143348566, "page": "product_1052", "extra_data": {"product_id": 1052, "price": 15, "quantity": 3}}
{"event_type": "page_view", "user_id": "admin", "device_id": "dev_admin_13", "timestamp": 1773143351349, "page": "product_1033", "extra_data": {"product_id": 1033, "price": 35}}
{"event_type": "add_to_cart", "user_id": "admin", "device_id": "dev_admin_13", "timestamp": 1773143355109, "page": "product_1033", "extra_data": {"product_id": 1033, "price": 35, "quantity": 3}}
{"event_type": "app_launch", "user_id": "renwei", "device_id": "dev_renwei_26", "timestamp": 1773192924000, "page": "home", "extra_data": {"source": "direct"}}
{"event_type": "page_view", "user_id": "renwei", "device_id": "dev_renwei_26", "timestamp": 1773192925336, "page": "home", "extra_data": {}}
{"event_type": "page_view", "user_id": "renwei", "device_id": "dev_renwei_26", "timestamp": 1773192927000, "page": "product_1056", "extra_data": {"product_id": 1056, "price": 87}}
{"event_type": "click", "user_id": "renwei", "device_id": "dev_renwei_26", "timestamp": 1773192930223, "page": "product_1056", "extra_data": {"product_id": 1056, "element": "image"}}
{"event_type": "add_to_cart", "user_id": "renwei", "device_id": "dev_renwei_26", "timestamp": 1773192931870, "page": "product_1056", "extra_data": {"product_id": 1056, "price": 87, "quantity": 2}}
{"event_type": "page_view", "user_id": "renwei", "device_id": "dev_renwei_26", "timestamp": 1773192934076, "page": "product_1003", "extra_data": {"product_id": 1003, "price": 23}}
{"event_type": "click", "user_id": "renwei", "device_id": "dev_renwei_26", "timestamp": 1773192938752, "page": "product_1003", "extra_data": {"product_id": 1003, "element": "image"}}
{"event_type": "page_view", "user_id": "renwei", "device_id": "dev_renwei_26", "timestamp": 1773192940056, "page": "product_1013", "extra_data": {"product_id": 1013, "price": 75}}
{"event_type": "click", "user_id": "renwei", "device_id": "dev_renwei_26", "timestamp": 1773192942624, "page": "product_1013", "extra_data": {"product_id": 1013, "element": "image"}}
{"event_type": "add_to_cart", "user_id": "renwei", "device_id": "dev_renwei_26", "timestamp": 1773192944388, "page": "product_1013", "extra_data": {"product_id": 1013, "price": 75, "quantity": 1}}
{"event_type": "page_view", "user_id": "renwei", "device_id": "dev_renwei_26", "timestamp": 1773192948062, "page": "product_1011", "extra_data": {"product_id": 1011, "price": 58}}
{"event_type": "click", "user_id": "renwei", "device_id": "dev_renwei_26", "timestamp": 1773192951887, "page": "product_1011", "extra_data": {"product_id": 1011, "element": "image"}}
{"event_type": "page_view", "user_id": "renwei", "device_id": "dev_renwei_26", "timestamp": 1773192953156, "page": "product_1010", "extra_data": {"product_id": 1010, "price": 18}}
{"event_type": "click", "user_id": "renwei", "device_id": "dev_renwei_26", "timestamp": 1773192956980, "page": "product_1010", "extra_data": {"product_id": 1010, "element": "image"}}
{"event_type": "app_launch", "user_id": "nihao002", "device_id": "dev_nihao002_2", "timestamp": 1773209425000, "page": "home", "extra_data": {"source": "direct"}}
{"event_type": "page_view", "user_id": "nihao002", "device_id": "dev_nihao002_2", "timestamp": 1773209426110, "page": "home", "extra_data": {}}
{"event_type": "page_view", "user_id": "nihao002", "device_id": "dev_nihao002_2", "timestamp": 1773209428000, "page": "product_1027", "extra_data": {"product_id": 1027, "price": 92}}
{"event_type": "click", "user_id": "nihao002", "device_id": "dev_nihao002_2", "timestamp": 1773209432795, "page": "product_1027", "extra_data": {"product_id": 1027, "element": "image"}}
{"event_type": "page_view", "user_id": "nihao002", "device_id": "dev_nihao002_2", "timestamp": 1773209434291, "page": "product_1033", "extra_data": {"product_id": 1033, "price": 35}}
{"event_type": "add_to_cart", "user_id": "nihao002", "device_id": "dev_nihao002_2", "timestamp": 1773209437068, "page": "product_1033", "extra_data": {"product_id": 1033, "price": 35, "quantity": 2}}
{"event_type": "page_view", "user_id": "nihao002", "device_id": "dev_nihao002_2", "timestamp": 1773209439191, "page": "product_1032", "extra_data": {"product_id": 1032, "price": 58}}
{"event_type": "add_to_cart", "user_id": "nihao002", "device_id": "dev_nihao002_2", "timestamp": 1773209443903, "page": "product_1032", "extra_data": {"product_id": 1032, "price": 58, "quantity": 1}}
{"event_type": "page_view", "user_id": "nihao002", "device_id": "dev_nihao002_2", "timestamp": 1773209446224, "page": "product_1049", "extra_data": {"product_id": 1049, "price": 62}}
{"event_type": "app_launch", "user_id": "nihao005", "device_id": "dev_nihao005_10", "timestamp": 1773215919000, "page": "home", "extra_data": {"source": "direct"}}
{"event_type": "page_view", "user_id": "nihao005", "device_id": "dev_nihao005_10", "timestamp": 1773215919976, "page": "home", "extra_data": {}}
{"event_type": "page_view", "user_id": "nihao005", "device_id": "dev_nihao005_10", "timestamp": 1773215922000, "page": "product_1045", "extra_data": {"product_id": 1045, "price": 15}}
{"event_type": "click", "user_id": "nihao005", "device_id": "dev_nihao005_10", "timestamp": 1773215926350, "page": "product_1045", "extra_data": {"product_id": 1045, "element": "image"}}
{"event_type": "add_to_cart", "user_id": "nihao005", "device_id": "dev_nihao005_10", "timestamp": 1773215929348, "page": "product_1045", "extra_data": {"product_id": 1045, "price": 15, "quantity": 2}}
{"event_type": "page_view", "user_id": "nihao005", "device_id": "dev_nihao005_10", "timestamp": 1773215932439, "page": "product_1025", "extra_data": {"product_id": 1025, "price": 93}}
{"event_type": "page_view", "user_id": "nihao005", "device_id": "dev_nihao005_10", "timestamp": 1773215935228, "page": "product_1054", "extra_data": {"product_id": 1054, "price": 93}}
{"event_type": "click", "user_id": "nihao005", "device_id": "dev_nihao005_10", "timestamp": 1773215939435, "page": "product_1054", "extra_data": {"product_id": 1054, "element": "image"}}
{"event_type": "page_view", "user_id": "nihao005", "device_id": "dev_nihao005_10", "timestamp": 1773215942398, "page": "product_1005", "extra_data": {"product_id": 1005, "price": 29}}
{"event_type": "add_to_cart", "user_id": "nihao005", "device_id": "dev_nihao005_10", "timestamp": 1773215945239, "page": "product_1005", "extra_data": {"product_id": 1005, "price": 29, "quantity": 3}}
{"event_type": "app_launch", "user_id": "nihao003", "device_id": "dev_nihao003_8", "timestamp": 1773220531000, "page": "home", "extra_data": {"source": "direct"}}
{"event_type": "page_view", "user_id": "nihao003", "device_id": "dev_nihao003_8", "timestamp": 1773220532155, "page": "home", "extra_data": {}}
{"event_type": "page_view", "user_id": "nihao003", "device_id": "dev_nihao003_8", "timestamp": 1773220534000, "page": "product_1044", "extra_data": {"product_id": 1044, "price": 17}}
{"event_type": "click", "user_id": "nihao003", "device_id": "dev_nihao003_8", "timestamp": 1773220537871, "page": "product_1044", "extra_data": {"product_id": 1044, "element": "image"}}
{"event_type": "add_to_cart", "user_id": "nihao003", "device_id": "dev_nihao003_8", "timestamp": 1773220540466, "page": "product_1044", "extra_data": {"product_id": 1044, "price": 17, "quantity": 2}}
{"event_type": "page_view", "user_id": "nihao003", "device_id": "dev_nihao003_8", "timestamp": 1773220542804, "page": "product_1040", "extra_data": {"product_id": 1040, "price": 11}}
{"event_type": "click", "user_id": "nihao003", "device_id": "dev_nihao003_8", "timestamp": 1773220545875, "page": "product_1040", "extra_data": {"product_id": 1040, "element": "image"}}
{"event_type": "add_to_cart", "user_id": "nihao003", "device_id": "dev_nihao003_8", "timestamp": 1773220548713, "page": "product_1040", "extra_data": {"product_id": 1040, "price": 11, "quantity": 1}}
{"event_type": "page_view", "user_id": "nihao003", "device_id": "dev_nihao003_8", "timestamp": 1773220551553, "page": "product_1043", "extra_data": {"product_id": 1043, "price": 22}}
{"event_type": "click", "user_id": "nihao003", "device_id": "dev_nihao003_8", "timestamp": 1773220556091, "page": "product_1043", "extra_data": {"product_id": 1043, "element": "image"}}
{"event_type": "add_to_cart", "user_id": "nihao003", "device_id": "dev_nihao003_8", "timestamp": 1773220558360, "page": "product_1043", "extra_data": {"product_id": 1043, "price": 22, "quantity": 2}}
{"event_type": "app_launch", "user_id": "andy001", "device_id": "dev_andy001_10", "timestamp": 1773223159000, "page": "home", "extra_data": {"source": "direct"}}
{"event_type": "page_view", "user_id": "andy001", "device_id": "dev_andy001_10", "timestamp": 1773223159919, "page": "home", "extra_data": {}}
{"event_type": "page_view", "user_id": "andy001", "device_id": "dev_andy001_10", "timestamp": 1773223162000, "page": "product_1025", "extra_data": {"product_id": 1025, "price": 93}}
{"event_type": "add_to_cart", "user_id": "andy001", "device_id": "dev_andy001_10", "timestamp": 1773223165261, "page": "product_1025", "extra_data": {"product_id": 1025, "price": 93, "quantity": 1}}
{"event_type": "page_view", "user_id": "andy001", "device_id": "dev_andy001_10", "timestamp": 1773223168473, "page": "product_1021", "extra_data": {"product_id": 1021, "price": 89}}
{"event_type": "page_view", "user_id": "andy001", "device_id": "dev_andy001_10", "timestamp": 1773223170619, "page": "product_1029", "extra_data": {"product_id": 1029, "price": 74}}
{"event_type": "page_view", "user_id": "andy001", "device_id": "dev_andy001_10", "timestamp": 1773223173028, "page": "product_1010", "extra_data": {"product_id": 1010, "price": 18}}
{"event_type": "click", "user_id": "andy001", "device_id": "dev_andy001_10", "timestamp": 1773223176411, "page": "product_1010", "extra_data": {"product_id": 1010, "element": "image"}}
{"event_type": "app_launch", "user_id": "andy001", "device_id": "dev_andy001_13", "timestamp": 1773230366000, "page": "home", "extra_data": {"source": "direct"}}
{"event_type": "page_view", "user_id": "andy001", "device_id": "dev_andy001_13", "timestamp": 1773230367833, "page": "home", "extra_data": {}}
{"event_type": "page_view", "user_id": "andy001", "device_id": "dev_andy001_13", "timestamp": 1773230369000, "page": "product_1045", "extra_data": {"product_id": 1045, "price": 15}}
{"event_type": "click", "user_id": "andy001", "device_id": "dev_andy001_13", "timestamp": 1773230373239, "page": "product_1045", "extra_data": {"product_id": 1045, "element": "image"}}
{"event_type": "page_view", "user_id": "andy001", "device_id": "dev_andy001_13", "timestamp": 1773230376196, "page": "product_1003", "extra_data": {"product_id": 1003, "price": 23}}
{"event_type": "page_view", "user_id": "andy001", "device_id": "dev_andy001_13", "timestamp": 1773230380507, "page": "product_1028", "extra_data": {"product_id": 1028, "price": 21}}
{"event_type": "click", "user_id": "andy001", "device_id": "dev_andy001_13", "timestamp": 1773230385102, "page": "product_1028", "extra_data": {"product_id": 1028, "element": "image"}}
{"event_type": "page_view", "user_id": "andy001", "device_id": "dev_andy001_13", "timestamp": 1773230386740, "page": "product_1002", "extra_data": {"product_id": 1002, "price": 18}}
{"event_type": "click", "user_id": "andy001", "device_id": "dev_andy001_13", "timestamp": 1773230389838, "page": "product_1002", "extra_data": {"product_id": 1002, "element": "image"}}
{"event_type": "app_launch", "user_id": "admin", "device_id": "dev_admin_15", "timestamp": 1773235785000, "page": "home", "extra_data": {"source": "direct"}}
{"event_type": "page_view", "user_id": "admin", "device_id": "dev_admin_15", "timestamp": 1773235786929, "page": "home", "extra_data": {}}
{"event_type": "page_view", "user_id": "admin", "device_id": "dev_admin_15", "timestamp": 1773235788000, "page": "product_1050", "extra_data": {"product_id": 1050, "price": 42}}
{"event_type": "add_to_cart", "user_id": "admin", "device_id": "dev_admin_15", "timestamp": 1773235792301, "page": "product_1050", "extra_data": {"product_id": 1050, "price": 42, "quantity": 1}}
{"event_type": "page_view", "user_id": "admin", "device_id": "dev_admin_15", "timestamp": 1773235796010, "page": "product_1053", "extra_data": {"product_id": 1053, "price": 11}}
{"event_type": "add_to_cart", "user_id": "admin", "device_id": "dev_admin_15", "timestamp": 1773235799177, "page": "product_1053", "extra_data": {"product_id": 1053, "price": 11, "quantity": 3}}
{"event_type": "page_view", "user_id": "admin", "device_id": "dev_admin_15", "timestamp": 1773235802986, "page": "product_1039", "extra_data": {"product_id": 1039, "price": 33}}
{"event_type": "page_view", "user_id": "admin", "device_id": "dev_admin_15", "timestamp": 1773235805183, "page": "product_1052", "extra_data": {"product_id": 1052, "price": 15}}
{"event_type": "add_to_cart", "user_id": "admin", "device_id": "dev_admin_15", "timestamp": 1773235809437, "page": "product_1052", "extra_data": {"product_id": 1052, "price": 15, "quantity": 2}}
{"event_type": "purchase", "user_id": "admin", "device_id": "dev_admin_15", "timestamp": 1773235812531, "page": "checkout", "extra_data": {"products": [{"product_id": 1053, "price": 11, "quantity": 3}, {"product_id": 1052, "price": 15, "quantity": 2}], "total_amount": 63}}
{"event_type": "app_launch", "user_id": "renwei", "device_id": "dev_renwei_13", "timestamp": 1773277881000, "page": "home", "extra_data": {"source": "direct"}}
{"event_type": "page_view", "user_id": "renwei", "device_id": "dev_renwei_13", "timestamp": 1773277881943, "page": "home", "extra_data": {}}
{"event_type": "page_view", "user_id": "renwei", "device_id": "dev_renwei_13", "timestamp": 1773277884000, "page": "product_1013", "extra_data": {"product_id": 1013, "price": 75}}
{"event_type": "add_to_cart", "user_id": "renwei", "device_id": "dev_renwei_13", "timestamp": 1773277887206, "page": "product_1013", "extra_data": {"product_id": 1013, "price": 75, "quantity": 3}}
{"event_type": "page_view", "user_id": "renwei", "device_id": "dev_renwei_13", "timestamp": 1773277890233, "page": "product_1012", "extra_data": {"product_id": 1012, "price": 26}}
{"event_type": "add_to_cart", "user_id": "renwei", "device_id": "dev_renwei_13", "timestamp": 1773277892334, "page": "product_1012", "extra_data": {"product_id": 1012, "price": 26, "quantity": 1}}
{"event_type": "app_launch", "user_id": "test005", "device_id": "dev_test005_20", "timestamp": 1773278183000, "page": "home", "extra_data": {"source": "direct"}}
{"event_type": "page_view", "user_id": "test005", "device_id": "dev_test005_20", "timestamp": 1773278183916, "page": "home", "extra_data": {}}
{"event_type": "page_view", "user_id": "test005", "device_id": "dev_test005_20", "timestamp": 1773278186000, "page": "product_1008", "extra_data": {"product_id": 1008, "price": 23}}
{"event_type": "click", "user_id": "test005", "device_id": "dev_test005_20", "timestamp": 1773278188030, "page": "product_1008", "extra_data": {"product_id": 1008, "element": "image"}}
{"event_type": "add_to_cart", "user_id": "test005", "device_id": "dev_test005_20", "timestamp": 1773278190397, "page": "product_1008", "extra_data": {"product_id": 1008, "price": 23, "quantity": 2}}
{"event_type": "page_view", "user_id": "test005", "device_id": "dev_test005_20", "timestamp": 1773278192699, "page": "product_1004", "extra_data": {"product_id": 1004, "price": 34}}
{"event_type": "add_to_cart", "user_id": "test005", "device_id": "dev_test005_20", "timestamp": 1773278196050, "page": "product_1004", "extra_data": {"product_id": 1004, "price": 34, "quantity": 2}}
{"event_type": "page_view", "user_id": "test005", "device_id": "dev_test005_20", "timestamp": 1773278199077, "page": "product_1028", "extra_data": {"product_id": 1028, "price": 21}}
{"event_type": "click", "user_id": "test005", "device_id": "dev_test005_20", "timestamp": 1773278203900, "page": "product_1028", "extra_data": {"product_id": 1028, "element": "image"}}
{"event_type": "app_launch", "user_id": "andy001", "device_id": "dev_andy001_19", "timestamp": 1773285346000, "page": "home", "extra_data": {"source": "direct"}}
{"event_type": "page_view", "user_id": "andy001", "device_id": "dev_andy001_19", "timestamp": 1773285347999, "page": "home", "extra_data": {}}
{"event_type": "page_view", "user_id": "andy001", "device_id": "dev_andy001_19", "timestamp": 1773285349000, "page": "product_1002", "extra_data": {"product_id": 1002, "price": 18}}
{"event_type": "click", "user_id": "andy001", "device_id": "dev_andy001_19", "timestamp": 1773285351561, "page": "product_1002", "extra_data": {"product_id": 1002, "element": "image"}}
{"event_type": "add_to_cart", "user_id": "andy001", "device_id": "dev_andy001_19", "timestamp": 1773285353952, "page": "product_1002", "extra_data": {"product_id": 1002, "price": 18, "quantity": 2}}
{"event_type": "page_view", "user_id": "andy001", "device_id": "dev_andy001_19", "timestamp": 1773285356108, "page": "product_1004", "extra_data": {"product_id": 1004, "price": 34}}
{"event_type": "page_view", "user_id": "andy001", "device_id": "dev_andy001_19", "timestamp": 1773285359092, "page": "product_1049", "extra_data": {"product_id": 1049, "price": 62}}
{"event_type": "add_to_cart", "user_id": "andy001", "device_id": "dev_andy001_19", "timestamp": 1773285361613, "page": "product_1049", "extra_data": {"product_id": 1049, "price": 62, "quantity": 2}}
{"event_type": "app_launch", "user_id": "test005", "device_id": "dev_test005_16", "timestamp": 1773287479000, "page": "home", "extra_data": {"source": "direct"}}
{"event_type": "page_view", "user_id": "test005", "device_id": "dev_test005_16", "timestamp": 1773287480763, "page": "home", "extra_data": {}}
{"event_type": "page_view", "user_id": "test005", "device_id": "dev_test005_16", "timestamp": 1773287482000, "page": "product_1006", "extra_data": {"product_id": 1006, "price": 33}}
{"event_type": "click", "user_id": "test005", "device_id": "dev_test005_16", "timestamp": 1773287485611, "page": "product_1006", "extra_data": {"product_id": 1006, "element": "image"}}
{"event_type": "page_view", "user_id": "test005", "device_id": "dev_test005_16", "timestamp": 1773287486711, "page": "product_1010", "extra_data": {"product_id": 1010, "price": 18}}
{"event_type": "add_to_cart", "user_id": "test005", "device_id": "dev_test005_16", "timestamp": 1773287489780, "page": "product_1010", "extra_data": {"product_id": 1010, "price": 18, "quantity": 1}}
{"event_type": "page_view", "user_id": "test005", "device_id": "dev_test005_16", "timestamp": 1773287493556, "page": "product_1057", "extra_data": {"product_id": 1057, "price": 24}}
{"event_type": "add_to_cart", "user_id": "test005", "device_id": "dev_test005_16", "timestamp": 1773287497848, "page": "product_1057", "extra_data": {"product_id": 1057, "price": 24, "quantity": 2}}
{"event_type": "page_view", "user_id": "test005", "device_id": "dev_test005_16", "timestamp": 1773287500084, "page": "product_1004", "extra_data": {"product_id": 1004, "price": 34}}
{"event_type": "add_to_cart", "user_id": "test005", "device_id": "dev_test005_16", "timestamp": 1773287504546, "page": "product_1004", "extra_data": {"product_id": 1004, "price": 34, "quantity": 2}}
{"event_type": "page_view", "user_id": "test005", "device_id": "dev_test005_16", "timestamp": 1773287506827, "page": "product_1002", "extra_data": {"product_id": 1002, "price": 18}}
{"event_type": "add_to_cart", "user_id": "test005", "device_id": "dev_test005_16", "timestamp": 1773287511504, "page": "product_1002", "extra_data": {"product_id": 1002, "price": 18, "quantity": 3}}
{"event_type": "page_view", "user_id": "test005", "device_id": "dev_test005_16", "timestamp": 1773287515110, "page": "product_1041", "extra_data": {"product_id": 1041, "price": 97}}
{"event_type": "add_to_cart", "user_id": "test005", "device_id": "dev_test005_16", "timestamp": 1773287519960, "page": "product_1041", "extra_data": {"product_id": 1041, "price": 97, "quantity": 2}}
{"event_type": "app_launch", "user_id": "nihao003", "device_id": "dev_nihao003_24", "timestamp": 1773321308000, "page": "home", "extra_data": {"source": "direct"}}
{"event_type": "page_view", "user_id": "nihao003", "device_id": "dev_nihao003_24", "timestamp": 1773321308740, "page": "home", "extra_data": {}}
{"event_type": "page_view", "user_id": "nihao003", "device_id": "dev_nihao003_24", "timestamp": 1773321311000, "page": "product_1042", "extra_data": {"product_id": 1042, "price": 33}}
{"event_type": "add_to_cart", "user_id": "nihao003", "device_id": "dev_nihao003_24", "timestamp": 1773321314355, "page": "product_1042", "extra_data": {"product_id": 1042, "price": 33, "quantity": 3}}
{"event_type": "page_view", "user_id": "nihao003", "device_id": "dev_nihao003_24", "timestamp": 1773321316557, "page": "product_1051", "extra_data": {"product_id": 1051, "price": 100}}
{"event_type": "page_view", "user_id": "nihao003", "device_id": "dev_nihao003_24", "timestamp": 1773321320393, "page": "product_1028", "extra_data": {"product_id": 1028, "price": 21}}
{"event_type": "page_view", "user_id": "nihao003", "device_id": "dev_nihao003_24", "timestamp": 1773321323421, "page": "product_1004", "extra_data": {"product_id": 1004, "price": 34}}
{"event_type": "click", "user_id": "nihao003", "device_id": "dev_nihao003_24", "timestamp": 1773321327940, "page": "product_1004", "extra_data": {"product_id": 1004, "element": "image"}}
{"event_type": "page_view", "user_id": "nihao003", "device_id": "dev_nihao003_24", "timestamp": 1773321329123, "page": "product_1043", "extra_data": {"product_id": 1043, "price": 22}}
{"event_type": "add_to_cart", "user_id": "nihao003", "device_id": "dev_nihao003_24", "timestamp": 1773321331864, "page": "product_1043", "extra_data": {"product_id": 1043, "price": 22, "quantity": 1}}
{"event_type": "page_view", "user_id": "nihao003", "device_id": "dev_nihao003_24", "timestamp": 1773321335666, "page": "product_1041", "extra_data": {"product_id": 1041, "price": 97}}
{"event_type": "click", "user_id": "nihao003", "device_id": "dev_nihao003_24", "timestamp": 1773321338752, "page": "product_1041", "extra_data": {"product_id": 1041, "element": "image"}}
{"event_type": "app_launch", "user_id": "nihao003", "device_id": "dev_nihao003_14", "timestamp": 1773360871000, "page": "home", "extra_data": {"source": "direct"}}
{"event_type": "page_view", "user_id": "nihao003", "device_id": "dev_nihao003_14", "timestamp": 1773360872567, "page": "home", "extra_data": {}}
{"event_type": "page_view", "user_id": "nihao003", "device_id": "dev_nihao003_14", "timestamp": 1773360874000, "page": "product_1043", "extra_data": {"product_id": 1043, "price": 22}}
{"event_type": "page_view", "user_id": "nihao003", "device_id": "dev_nihao003_14", "timestamp": 1773360876559, "page": "product_1021", "extra_data": {"product_id": 1021, "price": 89}}
{"event_type": "page_view", "user_id": "nihao003", "device_id": "dev_nihao003_14", "timestamp": 1773360881268, "page": "product_1041", "extra_data": {"product_id": 1041, "price": 97}}
{"event_type": "click", "user_id": "nihao003", "device_id": "dev_nihao003_14", "timestamp": 1773360884318, "page": "product_1041", "extra_data": {"product_id": 1041, "element": "image"}}
{"event_type": "app_launch", "user_id": "andy001", "device_id": "dev_andy001_14", "timestamp": 1773362534000, "page": "home", "extra_data": {"source": "direct"}}
{"event_type": "page_view", "user_id": "andy001", "device_id": "dev_andy001_14", "timestamp": 1773362534755, "page": "home", "extra_data": {}}
{"event_type": "page_view", "user_id": "andy001", "device_id": "dev_andy001_14", "timestamp": 1773362537000, "page": "product_1003", "extra_data": {"product_id": 1003, "price": 23}}
{"event_type": "click", "user_id": "andy001", "device_id": "dev_andy001_14", "timestamp": 1773362540724, "page": "product_1003", "extra_data": {"product_id": 1003, "element": "image"}}
{"event_type": "add_to_cart", "user_id": "andy001", "device_id": "dev_andy001_14", "timestamp": 1773362543266, "page": "product_1003", "extra_data": {"product_id": 1003, "price": 23, "quantity": 3}}
{"event_type": "page_view", "user_id": "andy001", "device_id": "dev_andy001_14", "timestamp": 1773362546862, "page": "product_1005", "extra_data": {"product_id": 1005, "price": 29}}
{"event_type": "click", "user_id": "andy001", "device_id": "dev_andy001_14", "timestamp": 1773362551187, "page": "product_1005", "extra_data": {"product_id": 1005, "element": "image"}}
{"event_type": "add_to_cart", "user_id": "andy001", "device_id": "dev_andy001_14", "timestamp": 1773362552214, "page": "product_1005", "extra_data": {"product_id": 1005, "price": 29, "quantity": 3}}
{"event_type": "page_view", "user_id": "andy001", "device_id": "dev_andy001_14", "timestamp": 1773362555428, "page": "product_1002", "extra_data": {"product_id": 1002, "price": 18}}
{"event_type": "add_to_cart", "user_id": "andy001", "device_id": "dev_andy001_14", "timestamp": 1773362558776, "page": "product_1002", "extra_data": {"product_id": 1002, "price": 18, "quantity": 1}}
{"event_type": "purchase", "user_id": "andy001", "device_id": "dev_andy001_14", "timestamp": 1773362561375, "page": "checkout", "extra_data": {"products": [{"product_id": 1005, "price": 29, "quantity": 3}, {"product_id": 1002, "price": 18, "quantity": 1}, {"product_id": 1003, "price": 23, "quantity": 3}], "total_amount": 174}}
{"event_type": "app_launch", "user_id": "nihao", "device_id": "dev_nihao_7", "timestamp": 1773366584000, "page": "home", "extra_data": {"source": "direct"}}
{"event_type": "page_view", "user_id": "nihao", "device_id": "dev_nihao_7", "timestamp": 1773366585380, "page": "home", "extra_data": {}}
{"event_type": "page_view", "user_id": "nihao", "device_id": "dev_nihao_7", "timestamp": 1773366587000, "page": "product_1022", "extra_data": {"product_id": 1022, "price": 58}}
{"event_type": "add_to_cart", "user_id": "nihao", "device_id": "dev_nihao_7", "timestamp": 1773366590420, "page": "product_1022", "extra_data": {"product_id": 1022, "price": 58, "quantity": 3}}
{"event_type": "page_view", "user_id": "nihao", "device_id": "dev_nihao_7", "timestamp": 1773366593290, "page": "product_1023", "extra_data": {"product_id": 1023, "price": 96}}
{"event_type": "click", "user_id": "nihao", "device_id": "dev_nihao_7", "timestamp": 1773366597261, "page": "product_1023", "extra_data": {"product_id": 1023, "element": "image"}}
{"event_type": "add_to_cart", "user_id": "nihao", "device_id": "dev_nihao_7", "timestamp": 1773366599425, "page": "product_1023", "extra_data": {"product_id": 1023, "price": 96, "quantity": 1}}
{"event_type": "page_view", "user_id": "nihao", "device_id": "dev_nihao_7", "timestamp": 1773366601584, "page": "product_1020", "extra_data": {"product_id": 1020, "price": 49}}
{"event_type": "click", "user_id": "nihao", "device_id": "dev_nihao_7", "timestamp": 1773366605836, "page": "product_1020", "extra_data": {"product_id": 1020, "element": "image"}}
{"event_type": "page_view", "user_id": "nihao", "device_id": "dev_nihao_7", "timestamp": 1773366608057, "page": "product_1051", "extra_data": {"product_id": 1051, "price": 100}}
{"event_type": "page_view", "user_id": "nihao", "device_id": "dev_nihao_7", "timestamp": 1773366611631, "page": "product_1016", "extra_data": {"product_id": 1016, "price": 33}}
{"event_type": "add_to_cart", "user_id": "nihao", "device_id": "dev_nihao_7", "timestamp": 1773366616167, "page": "product_1016", "extra_data": {"product_id": 1016, "price": 33, "quantity": 2}}
{"event_type": "page_view", "user_id": "nihao", "device_id": "dev_nihao_7", "timestamp": 1773366618198, "page": "product_1046", "extra_data": {"product_id": 1046, "price": 22}}
{"event_type": "purchase", "user_id": "nihao", "device_id": "dev_nihao_7", "timestamp": 1773366621212, "page": "checkout", "extra_data": {"products": [{"product_id": 1023, "price": 96, "quantity": 1}], "total_amount": 96}}
{"event_type": "app_launch", "user_id": "test005", "device_id": "dev_test005_22", "timestamp": 1773377327000, "page": "home", "extra_data": {"source": "direct"}}
{"event_type": "page_view", "user_id": "test005", "device_id": "dev_test005_22", "timestamp": 1773377328689, "page": "home", "extra_data": {}}
{"event_type": "page_view", "user_id": "test005", "device_id": "dev_test005_22", "timestamp": 1773377330000, "page": "product_1008", "extra_data": {"product_id": 1008, "price": 23}}
{"event_type": "add_to_cart", "user_id": "test005", "device_id": "dev_test005_22", "timestamp": 1773377332193, "page": "product_1008", "extra_data": {"product_id": 1008, "price": 23, "quantity": 1}}
{"event_type": "page_view", "user_id": "test005", "device_id": "dev_test005_22", "timestamp": 1773377335151, "page": "product_1006", "extra_data": {"product_id": 1006, "price": 33}}
{"event_type": "click", "user_id": "test005", "device_id": "dev_test005_22", "timestamp": 1773377337914, "page": "product_1006", "extra_data": {"product_id": 1006, "element": "image"}}
{"event_type": "add_to_cart", "user_id": "test005", "device_id": "dev_test005_22", "timestamp": 1773377340343, "page": "product_1006", "extra_data": {"product_id": 1006, "price": 33, "quantity": 1}}
{"event_type": "page_view", "user_id": "test005", "device_id": "dev_test005_22", "timestamp": 1773377342506, "page": "product_1035", "extra_data": {"product_id": 1035, "price": 100}}
{"event_type": "click", "user_id": "test005", "device_id": "dev_test005_22", "timestamp": 1773377346033, "page": "product_1035", "extra_data": {"product_id": 1035, "element": "image"}}
{"event_type": "add_to_cart", "user_id": "test005", "device_id": "dev_test005_22", "timestamp": 1773377347801, "page": "product_1035", "extra_data": {"product_id": 1035, "price": 100, "quantity": 1}}
{"event_type": "page_view", "user_id": "test005", "device_id": "dev_test005_22", "timestamp": 1773377350438, "page": "product_1004", "extra_data": {"product_id": 1004, "price": 34}}
{"event_type": "click", "user_id": "test005", "device_id": "dev_test005_22", "timestamp": 1773377354300, "page": "product_1004", "extra_data": {"product_id": 1004, "element": "image"}}
{"event_type": "app_launch", "user_id": "nihao003", "device_id": "dev_nihao003_4", "timestamp": 1773382514000, "page": "home", "extra_data": {"source": "direct"}}
{"event_type": "page_view", "user_id": "nihao003", "device_id": "dev_nihao003_4", "timestamp": 1773382515760, "page": "home", "extra_data": {}}
{"event_type": "page_view", "user_id": "nihao003", "device_id": "dev_nihao003_4", "timestamp": 1773382517000, "page": "product_1044", "extra_data": {"product_id": 1044, "price": 17}}
{"event_type": "add_to_cart", "user_id": "nihao003", "device_id": "dev_nihao003_4", "timestamp": 1773382519167, "page": "product_1044", "extra_data": {"product_id": 1044, "price": 17, "quantity": 1}}
{"event_type": "page_view", "user_id": "nihao003", "device_id": "dev_nihao003_4", "timestamp": 1773382522025, "page": "product_1047", "extra_data": {"product_id": 1047, "price": 23}}
{"event_type": "add_to_cart", "user_id": "nihao003", "device_id": "dev_nihao003_4", "timestamp": 1773382524914, "page": "product_1047", "extra_data": {"product_id": 1047, "price": 23, "quantity": 2}}
{"event_type": "purchase", "user_id": "nihao003", "device_id": "dev_nihao003_4", "timestamp": 1773382528540, "page": "checkout", "extra_data": {"products": [{"product_id": 1044, "price": 17, "quantity": 1}], "total_amount": 17}}
{"event_type": "app_launch", "user_id": "renwei", "device_id": "dev_renwei_23", "timestamp": 1773397473000, "page": "home", "extra_data": {"source": "direct"}}
{"event_type": "page_view", "user_id": "renwei", "device_id": "dev_renwei_23", "timestamp": 1773397473964, "page": "home", "extra_data": {}}
{"event_type": "page_view", "user_id": "renwei", "device_id": "dev_renwei_23", "timestamp": 1773397476000, "page": "product_1011", "extra_data": {"product_id": 1011, "price": 58}}
{"event_type": "add_to_cart", "user_id": "renwei", "device_id": "dev_renwei_23", "timestamp": 1773397480649, "page": "product_1011", "extra_data": {"product_id": 1011, "price": 58, "quantity": 3}}
{"event_type": "page_view", "user_id": "renwei", "device_id": "dev_renwei_23", "timestamp": 1773397484048, "page": "product_1012", "extra_data": {"product_id": 1012, "price": 26}}
{"event_type": "add_to_cart", "user_id": "renwei", "device_id": "dev_renwei_23", "timestamp": 1773397488797, "page": "product_1012", "extra_data": {"product_id": 1012, "price": 26, "quantity": 2}}
{"event_type": "page_view", "user_id": "renwei", "device_id": "dev_renwei_23", "timestamp": 1773397492755, "page": "product_1010", "extra_data": {"product_id": 1010, "price": 18}}
{"event_type": "click", "user_id": "renwei", "device_id": "dev_renwei_23", "timestamp": 1773397496470, "page": "product_1010", "extra_data": {"product_id": 1010, "element": "image"}}
{"event_type": "page_view", "user_id": "renwei", "device_id": "dev_renwei_23", "timestamp": 1773397497628, "page": "product_1004", "extra_data": {"product_id": 1004, "price": 34}}
{"event_type": "page_view", "user_id": "renwei", "device_id": "dev_renwei_23", "timestamp": 1773397500877, "page": "product_1014", "extra_data": {"product_id": 1014, "price": 89}}
{"event_type": "click", "user_id": "renwei", "device_id": "dev_renwei_23", "timestamp": 1773397505147, "page": "product_1014", "extra_data": {"product_id": 1014, "element": "image"}}
{"event_type": "add_to_cart", "user_id": "renwei", "device_id": "dev_renwei_23", "timestamp": 1773397507421, "page": "product_1014", "extra_data": {"product_id": 1014, "price": 89, "quantity": 1}}
{"event_type": "app_launch", "user_id": "nihao005", "device_id": "dev_nihao005_0", "timestamp": 1773453063000, "page": "home", "extra_data": {"source": "direct"}}
{"event_type": "page_view", "user_id": "nihao005", "device_id": "dev_nihao005_0", "timestamp": 1773453063933, "page": "home", "extra_data": {}}
{"event_type": "page_view", "user_id": "nihao005", "device_id": "dev_nihao005_0", "timestamp": 1773453066000, "page": "product_1052", "extra_data": {"product_id": 1052, "price": 15}}
{"event_type": "click", "user_id": "nihao005", "device_id": "dev_nihao005_0", "timestamp": 1773453070516, "page": "product_1052", "extra_data": {"product_id": 1052, "element": "image"}}
{"event_type": "page_view", "user_id": "nihao005", "device_id": "dev_nihao005_0", "timestamp": 1773453072088, "page": "product_1045", "extra_data": {"product_id": 1045, "price": 15}}
{"event_type": "click", "user_id": "nihao005", "device_id": "dev_nihao005_0", "timestamp": 1773453076033, "page": "product_1045", "extra_data": {"product_id": 1045, "element": "image"}}
{"event_type": "add_to_cart", "user_id": "nihao005", "device_id": "dev_nihao005_0", "timestamp": 1773453077165, "page": "product_1045", "extra_data": {"product_id": 1045, "price": 15, "quantity": 2}}
{"event_type": "page_view", "user_id": "nihao005", "device_id": "dev_nihao005_0", "timestamp": 1773453080285, "page": "product_1035", "extra_data": {"product_id": 1035, "price": 100}}
{"event_type": "add_to_cart", "user_id": "nihao005", "device_id": "dev_nihao005_0", "timestamp": 1773453084590, "page": "product_1035", "extra_data": {"product_id": 1035, "price": 100, "quantity": 2}}
{"event_type": "page_view", "user_id": "nihao005", "device_id": "dev_nihao005_0", "timestamp": 1773453087617, "page": "product_1005", "extra_data": {"product_id": 1005, "price": 29}}
{"event_type": "click", "user_id": "nihao005", "device_id": "dev_nihao005_0", "timestamp": 1773453091209, "page": "product_1005", "extra_data": {"product_id": 1005, "element": "image"}}
{"event_type": "app_launch", "user_id": "nihao005", "device_id": "dev_nihao005_26", "timestamp": 1773458096000, "page": "home", "extra_data": {"source": "direct"}}
{"event_type": "page_view", "user_id": "nihao005", "device_id": "dev_nihao005_26", "timestamp": 1773458097092, "page": "home", "extra_data": {}}
{"event_type": "page_view", "user_id": "nihao005", "device_id": "dev_nihao005_26", "timestamp": 1773458099000, "page": "product_1016", "extra_data": {"product_id": 1016, "price": 33}}
{"event_type": "page_view", "user_id": "nihao005", "device_id": "dev_nihao005_26", "timestamp": 1773458101022, "page": "product_1018", "extra_data": {"product_id": 1018, "price": 45}}
{"event_type": "add_to_cart", "user_id": "nihao005", "device_id": "dev_nihao005_26", "timestamp": 1773458104094, "page": "product_1018", "extra_data": {"product_id": 1018, "price": 45, "quantity": 1}}
{"event_type": "page_view", "user_id": "nihao005", "device_id": "dev_nihao005_26", "timestamp": 1773458106402, "page": "product_1025", "extra_data": {"product_id": 1025, "price": 93}}
{"event_type": "page_view", "user_id": "nihao005", "device_id": "dev_nihao005_26", "timestamp": 1773458109024, "page": "product_1015", "extra_data": {"product_id": 1015, "price": 97}}
{"event_type": "click", "user_id": "nihao005", "device_id": "dev_nihao005_26", "timestamp": 1773458113859, "page": "product_1015", "extra_data": {"product_id": 1015, "element": "image"}}
{"event_type": "add_to_cart", "user_id": "nihao005", "device_id": "dev_nihao005_26", "timestamp": 1773458115128, "page": "product_1015", "extra_data": {"product_id": 1015, "price": 97, "quantity": 1}}
{"event_type": "purchase", "user_id": "nihao005", "device_id": "dev_nihao005_26", "timestamp": 1773458118949, "page": "checkout", "extra_data": {"products": [{"product_id": 1015, "price": 97, "quantity": 1}, {"product_id": 1018, "price": 45, "quantity": 1}], "total_amount": 142}}
{"event_type": "app_launch", "user_id": "nihao003", "device_id": "dev_nihao003_21", "timestamp": 1773458723000, "page": "home", "extra_data": {"source": "direct"}}
{"event_type": "page_view", "user_id": "nihao003", "device_id": "dev_nihao003_21", "timestamp": 1773458723591, "page": "home", "extra_data": {}}
{"event_type": "page_view", "user_id": "nihao003", "device_id": "dev_nihao003_21", "timestamp": 1773458726000, "page": "product_1008", "extra_data": {"product_id": 1008, "price": 23}}
{"event_type": "click", "user_id": "nihao003", "device_id": "dev_nihao003_21", "timestamp": 1773458729745, "page": "product_1008", "extra_data": {"product_id": 1008, "element": "image"}}
{"event_type": "page_view", "user_id": "nihao003", "device_id": "dev_nihao003_21", "timestamp": 1773458730803, "page": "product_1043", "extra_data": {"product_id": 1043, "price": 22}}
{"event_type": "page_view", "user_id": "nihao003", "device_id": "dev_nihao003_21", "timestamp": 1773458735333, "page": "product_1004", "extra_data": {"product_id": 1004, "price": 34}}
{"event_type": "page_view", "user_id": "nihao003", "device_id": "dev_nihao003_21", "timestamp": 1773458738082, "page": "product_1041", "extra_data": {"product_id": 1041, "price": 97}}
{"event_type": "click", "user_id": "nihao003", "device_id": "dev_nihao003_21", "timestamp": 1773458742380, "page": "product_1041", "extra_data": {"product_id": 1041, "element": "image"}}
{"event_type": "page_view", "user_id": "nihao003", "device_id": "dev_nihao003_21", "timestamp": 1773458744780, "page": "product_1045", "extra_data": {"product_id": 1045, "price": 15}}
{"event_type": "add_to_cart", "user_id": "nihao003", "device_id": "dev_nihao003_21", "timestamp": 1773458749625, "page": "product_1045", "extra_data": {"product_id": 1045, "price": 15, "quantity": 3}}
{"event_type": "purchase", "user_id": "nihao003", "device_id": "dev_nihao003_21", "timestamp": 1773458751874, "page": "checkout", "extra_data": {"products": [{"product_id": 1045, "price": 15, "quantity": 3}], "total_amount": 45}}
{"event_type": "app_launch", "user_id": "nihao003", "device_id": "dev_nihao003_17", "timestamp": 1773459680000, "page": "home", "extra_data": {"source": "direct"}}
{"event_type": "page_view", "user_id": "nihao003", "device_id": "dev_nihao003_17", "timestamp": 1773459681339, "page": "home", "extra_data": {}}
{"event_type": "page_view", "user_id": "nihao003", "device_id": "dev_nihao003_17", "timestamp": 1773459683000, "page": "product_1005", "extra_data": {"product_id": 1005, "price": 29}}
{"event_type": "page_view", "user_id": "nihao003", "device_id": "dev_nihao003_17", "timestamp": 1773459686100, "page": "product_1041", "extra_data": {"product_id": 1041, "price": 97}}
{"event_type": "click", "user_id": "nihao003", "device_id": "dev_nihao003_17", "timestamp": 1773459690410, "page": "product_1041", "extra_data": {"product_id": 1041, "element": "image"}}
{"event_type": "page_view", "user_id": "nihao003", "device_id": "dev_nihao003_17", "timestamp": 1773459692605, "page": "product_1046", "extra_data": {"product_id": 1046, "price": 22}}
{"event_type": "add_to_cart", "user_id": "nihao003", "device_id": "dev_nihao003_17", "timestamp": 1773459694621, "page": "product_1046", "extra_data": {"product_id": 1046, "price": 22, "quantity": 2}}
{"event_type": "page_view", "user_id": "nihao003", "device_id": "dev_nihao003_17", "timestamp": 1773459696810, "page": "product_1043", "extra_data": {"product_id": 1043, "price": 22}}
{"event_type": "click", "user_id": "nihao003", "device_id": "dev_nihao003_17", "timestamp": 1773459701037, "page": "product_1043", "extra_data": {"product_id": 1043, "element": "image"}}
{"event_type": "page_view", "user_id": "nihao003", "device_id": "dev_nihao003_17", "timestamp": 1773459703968, "page": "product_1039", "extra_data": {"product_id": 1039, "price": 33}}
{"event_type": "click", "user_id": "nihao003", "device_id": "dev_nihao003_17", "timestamp": 1773459708813, "page": "product_1039", "extra_data": {"product_id": 1039, "element": "image"}}
{"event_type": "purchase", "user_id": "nihao003", "device_id": "dev_nihao003_17", "timestamp": 1773459710218, "page": "checkout", "extra_data": {"products": [{"product_id": 1046, "price": 22, "quantity": 2}], "total_amount": 44}}
{"event_type": "app_launch", "user_id": "admin", "device_id": "dev_admin_14", "timestamp": 1773471563000, "page": "home", "extra_data": {"source": "direct"}}
{"event_type": "page_view", "user_id": "admin", "device_id": "dev_admin_14", "timestamp": 1773471563975, "page": "home", "extra_data": {}}
{"event_type": "page_view", "user_id": "admin", "device_id": "dev_admin_14", "timestamp": 1773471566000, "page": "product_1050", "extra_data": {"product_id": 1050, "price": 42}}
{"event_type": "click", "user_id": "admin", "device_id": "dev_admin_14", "timestamp": 1773471568368, "page": "product_1050", "extra_data": {"product_id": 1050, "element": "image"}}
{"event_type": "add_to_cart", "user_id": "admin", "device_id": "dev_admin_14", "timestamp": 1773471570228, "page": "product_1050", "extra_data": {"product_id": 1050, "price": 42, "quantity": 1}}
{"event_type": "page_view", "user_id": "admin", "device_id": "dev_admin_14", "timestamp": 1773471572239, "page": "product_1047", "extra_data": {"product_id": 1047, "price": 23}}
{"event_type": "add_to_cart", "user_id": "admin", "device_id": "dev_admin_14", "timestamp": 1773471574503, "page": "product_1047", "extra_data": {"product_id": 1047, "price": 23, "quantity": 2}}
{"event_type": "page_view", "user_id": "admin", "device_id": "dev_admin_14", "timestamp": 1773471577868, "page": "product_1051", "extra_data": {"product_id": 1051, "price": 100}}
{"event_type": "click", "user_id": "admin", "device_id": "dev_admin_14", "timestamp": 1773471582034, "page": "product_1051", "extra_data": {"product_id": 1051, "element": "image"}}
{"event_type": "page_view", "user_id": "admin", "device_id": "dev_admin_14", "timestamp": 1773471583403, "page": "product_1053", "extra_data": {"product_id": 1053, "price": 11}}
{"event_type": "page_view", "user_id": "admin", "device_id": "dev_admin_14", "timestamp": 1773471586832, "page": "product_1028", "extra_data": {"product_id": 1028, "price": 21}}
{"event_type": "app_launch", "user_id": "andy001", "device_id": "dev_andy001_11", "timestamp": 1773473283000, "page": "home", "extra_data": {"source": "direct"}}
{"event_type": "page_view", "user_id": "andy001", "device_id": "dev_andy001_11", "timestamp": 1773473284470, "page": "home", "extra_data": {}}
{"event_type": "page_view", "user_id": "andy001", "device_id": "dev_andy001_11", "timestamp": 1773473286000, "page": "product_1004", "extra_data": {"product_id": 1004, "price": 34}}
{"event_type": "click", "user_id": "andy001", "device_id": "dev_andy001_11", "timestamp": 1773473288985, "page": "product_1004", "extra_data": {"product_id": 1004, "element": "image"}}
{"event_type": "add_to_cart", "user_id": "andy001", "device_id": "dev_andy001_11", "timestamp": 1773473291877, "page": "product_1004", "extra_data": {"product_id": 1004, "price": 34, "quantity": 2}}
{"event_type": "page_view", "user_id": "andy001", "device_id": "dev_andy001_11", "timestamp": 1773473295400, "page": "product_1038", "extra_data": {"product_id": 1038, "price": 15}}
{"event_type": "click", "user_id": "andy001", "device_id": "dev_andy001_11", "timestamp": 1773473297550, "page": "product_1038", "extra_data": {"product_id": 1038, "element": "image"}}
{"event_type": "page_view", "user_id": "andy001", "device_id": "dev_andy001_11", "timestamp": 1773473299146, "page": "product_1002", "extra_data": {"product_id": 1002, "price": 18}}
{"event_type": "add_to_cart", "user_id": "andy001", "device_id": "dev_andy001_11", "timestamp": 1773473303729, "page": "product_1002", "extra_data": {"product_id": 1002, "price": 18, "quantity": 3}}
{"event_type": "page_view", "user_id": "andy001", "device_id": "dev_andy001_11", "timestamp": 1773473307707, "page": "product_1005", "extra_data": {"product_id": 1005, "price": 29}}
{"event_type": "click", "user_id": "andy001", "device_id": "dev_andy001_11", "timestamp": 1773473311187, "page": "product_1005", "extra_data": {"product_id": 1005, "element": "image"}}
{"event_type": "page_view", "user_id": "andy001", "device_id": "dev_andy001_11", "timestamp": 1773473314170, "page": "product_1001", "extra_data": {"product_id": 1001, "price": 67}}
{"event_type": "click", "user_id": "andy001", "device_id": "dev_andy001_11", "timestamp": 1773473316487, "page": "product_1001", "extra_data": {"product_id": 1001, "element": "image"}}
{"event_type": "add_to_cart", "user_id": "andy001", "device_id": "dev_andy001_11", "timestamp": 1773473318401, "page": "product_1001", "extra_data": {"product_id": 1001, "price": 67, "quantity": 1}}
{"event_type": "page_view", "user_id": "andy001", "device_id": "dev_andy001_11", "timestamp": 1773473321282, "page": "product_1057", "extra_data": {"product_id": 1057, "price": 24}}
{"event_type": "app_launch", "user_id": "nihao003", "device_id": "dev_nihao003_20", "timestamp": 1773475902000, "page": "home", "extra_data": {"source": "direct"}}
{"event_type": "page_view", "user_id": "nihao003", "device_id": "dev_nihao003_20", "timestamp": 1773475903330, "page": "home", "extra_data": {}}
{"event_type": "page_view", "user_id": "nihao003", "device_id": "dev_nihao003_20", "timestamp": 1773475905000, "page": "product_1040", "extra_data": {"product_id": 1040, "price": 11}}
{"event_type": "page_view", "user_id": "nihao003", "device_id": "dev_nihao003_20", "timestamp": 1773475907009, "page": "product_1041", "extra_data": {"product_id": 1041, "price": 97}}
{"event_type": "page_view", "user_id": "nihao003", "device_id": "dev_nihao003_20", "timestamp": 1773475910834, "page": "product_1042", "extra_data": {"product_id": 1042, "price": 33}}
{"event_type": "click", "user_id": "nihao003", "device_id": "dev_nihao003_20", "timestamp": 1773475913678, "page": "product_1042", "extra_data": {"product_id": 1042, "element": "image"}}
{"event_type": "page_view", "user_id": "nihao003", "device_id": "dev_nihao003_20", "timestamp": 1773475915549, "page": "product_1012", "extra_data": {"product_id": 1012, "price": 26}}
{"event_type": "app_launch", "user_id": "renwei", "device_id": "dev_renwei_14", "timestamp": 1773479100000, "page": "home", "extra_data": {"source": "direct"}}
{"event_type": "page_view", "user_id": "renwei", "device_id": "dev_renwei_14", "timestamp": 1773479101173, "page": "home", "extra_data": {}}
{"event_type": "page_view", "user_id": "renwei", "device_id": "dev_renwei_14", "timestamp": 1773479103000, "page": "product_1027", "extra_data": {"product_id": 1027, "price": 92}}
{"event_type": "click", "user_id": "renwei", "device_id": "dev_renwei_14", "timestamp": 1773479107516, "page": "product_1027", "extra_data": {"product_id": 1027, "element": "image"}}
{"event_type": "page_view", "user_id": "renwei", "device_id": "dev_renwei_14", "timestamp": 1773479108626, "page": "product_1011", "extra_data": {"product_id": 1011, "price": 58}}
{"event_type": "add_to_cart", "user_id": "renwei", "device_id": "dev_renwei_14", "timestamp": 1773479112458, "page": "product_1011", "extra_data": {"product_id": 1011, "price": 58, "quantity": 2}}
{"event_type": "page_view", "user_id": "renwei", "device_id": "dev_renwei_14", "timestamp": 1773479116272, "page": "product_1006", "extra_data": {"product_id": 1006, "price": 33}}
{"event_type": "click", "user_id": "renwei", "device_id": "dev_renwei_14", "timestamp": 1773479118986, "page": "product_1006", "extra_data": {"product_id": 1006, "element": "image"}}
{"event_type": "page_view", "user_id": "renwei", "device_id": "dev_renwei_14", "timestamp": 1773479121893, "page": "product_1012", "extra_data": {"product_id": 1012, "price": 26}}
{"event_type": "click", "user_id": "renwei", "device_id": "dev_renwei_14", "timestamp": 1773479126793, "page": "product_1012", "extra_data": {"product_id": 1012, "element": "image"}}
{"event_type": "page_view", "user_id": "renwei", "device_id": "dev_renwei_14", "timestamp": 1773479128216, "page": "product_1052", "extra_data": {"product_id": 1052, "price": 15}}
{"event_type": "click", "user_id": "renwei", "device_id": "dev_renwei_14", "timestamp": 1773479132752, "page": "product_1052", "extra_data": {"product_id": 1052, "element": "image"}}
{"event_type": "app_launch", "user_id": "nihao002", "device_id": "dev_nihao002_10", "timestamp": 1773479440000, "page": "home", "extra_data": {"source": "direct"}}
{"event_type": "page_view", "user_id": "nihao002", "device_id": "dev_nihao002_10", "timestamp": 1773479440611, "page": "home", "extra_data": {}}
{"event_type": "page_view", "user_id": "nihao002", "device_id": "dev_nihao002_10", "timestamp": 1773479443000, "page": "product_1013", "extra_data": {"product_id": 1013, "price": 75}}
{"event_type": "click", "user_id": "nihao002", "device_id": "dev_nihao002_10", "timestamp": 1773479445844, "page": "product_1013", "extra_data": {"product_id": 1013, "element": "image"}}
{"event_type": "page_view", "user_id": "nihao002", "device_id": "dev_nihao002_10", "timestamp": 1773479448450, "page": "product_1046", "extra_data": {"product_id": 1046, "price": 22}}
{"event_type": "add_to_cart", "user_id": "nihao002", "device_id": "dev_nihao002_10", "timestamp": 1773479451095, "page": "product_1046", "extra_data": {"product_id": 1046, "price": 22, "quantity": 2}}
{"event_type": "page_view", "user_id": "nihao002", "device_id": "dev_nihao002_10", "timestamp": 1773479453894, "page": "product_1030", "extra_data": {"product_id": 1030, "price": 17}}
{"event_type": "click", "user_id": "nihao002", "device_id": "dev_nihao002_10", "timestamp": 1773479456395, "page": "product_1030", "extra_data": {"product_id": 1030, "element": "image"}}
{"event_type": "add_to_cart", "user_id": "nihao002", "device_id": "dev_nihao002_10", "timestamp": 1773479458315, "page": "product_1030", "extra_data": {"product_id": 1030, "price": 17, "quantity": 1}}
{"event_type": "page_view", "user_id": "nihao002", "device_id": "dev_nihao002_10", "timestamp": 1773479461404, "page": "product_1023", "extra_data": {"product_id": 1023, "price": 96}}
{"event_type": "page_view", "user_id": "nihao002", "device_id": "dev_nihao002_10", "timestamp": 1773479465909, "page": "product_1031", "extra_data": {"product_id": 1031, "price": 27}}
{"event_type": "click", "user_id": "nihao002", "device_id": "dev_nihao002_10", "timestamp": 1773479470618, "page": "product_1031", "extra_data": {"product_id": 1031, "element": "image"}}
{"event_type": "app_launch", "user_id": "nihao005", "device_id": "dev_nihao005_21", "timestamp": 1773489092000, "page": "home", "extra_data": {"source": "direct"}}
{"event_type": "page_view", "user_id": "nihao005", "device_id": "dev_nihao005_21", "timestamp": 1773489093351, "page": "home", "extra_data": {}}
{"event_type": "page_view", "user_id": "nihao005", "device_id": "dev_nihao005_21", "timestamp": 1773489095000, "page": "product_1036", "extra_data": {"product_id": 1036, "price": 11}}
{"event_type": "click", "user_id": "nihao005", "device_id": "dev_nihao005_21", "timestamp": 1773489099217, "page": "product_1036", "extra_data": {"product_id": 1036, "element": "image"}}
{"event_type": "add_to_cart", "user_id": "nihao005", "device_id": "dev_nihao005_21", "timestamp": 1773489101271, "page": "product_1036", "extra_data": {"product_id": 1036, "price": 11, "quantity": 3}}
{"event_type": "page_view", "user_id": "nihao005", "device_id": "dev_nihao005_21", "timestamp": 1773489104505, "page": "product_1025", "extra_data": {"product_id": 1025, "price": 93}}
{"event_type": "add_to_cart", "user_id": "nihao005", "device_id": "dev_nihao005_21", "timestamp": 1773489107305, "page": "product_1025", "extra_data": {"product_id": 1025, "price": 93, "quantity": 1}}
{"event_type": "page_view", "user_id": "nihao005", "device_id": "dev_nihao005_21", "timestamp": 1773489110680, "page": "product_1053", "extra_data": {"product_id": 1053, "price": 11}}
{"event_type": "page_view", "user_id": "nihao005", "device_id": "dev_nihao005_21", "timestamp": 1773489114333, "page": "product_1005", "extra_data": {"product_id": 1005, "price": 29}}
{"event_type": "add_to_cart", "user_id": "nihao005", "device_id": "dev_nihao005_21", "timestamp": 1773489118421, "page": "product_1005", "extra_data": {"product_id": 1005, "price": 29, "quantity": 3}}
{"event_type": "page_view", "user_id": "nihao005", "device_id": "dev_nihao005_21", "timestamp": 1773489121242, "page": "product_1022", "extra_data": {"product_id": 1022, "price": 58}}
{"event_type": "app_launch", "user_id": "nihao", "device_id": "dev_nihao_11", "timestamp": 1773491852000, "page": "home", "extra_data": {"source": "direct"}}
{"event_type": "page_view", "user_id": "nihao", "device_id": "dev_nihao_11", "timestamp": 1773491852755, "page": "home", "extra_data": {}}
{"event_type": "page_view", "user_id": "nihao", "device_id": "dev_nihao_11", "timestamp": 1773491855000, "page": "product_1024", "extra_data": {"product_id": 1024, "price": 79}}
{"event_type": "click", "user_id": "nihao", "device_id": "dev_nihao_11", "timestamp": 1773491858268, "page": "product_1024", "extra_data": {"product_id": 1024, "element": "image"}}
{"event_type": "page_view", "user_id": "nihao", "device_id": "dev_nihao_11", "timestamp": 1773491860189, "page": "product_1020", "extra_data": {"product_id": 1020, "price": 49}}
{"event_type": "click", "user_id": "nihao", "device_id": "dev_nihao_11", "timestamp": 1773491863798, "page": "product_1020", "extra_data": {"product_id": 1020, "element": "image"}}
{"event_type": "add_to_cart", "user_id": "nihao", "device_id": "dev_nihao_11", "timestamp": 1773491865633, "page": "product_1020", "extra_data": {"product_id": 1020, "price": 49, "quantity": 1}}
{"event_type": "page_view", "user_id": "nihao", "device_id": "dev_nihao_11", "timestamp": 1773491869030, "page": "product_1019", "extra_data": {"product_id": 1019, "price": 56}}
{"event_type": "page_view", "user_id": "nihao", "device_id": "dev_nihao_11", "timestamp": 1773491873376, "page": "product_1011", "extra_data": {"product_id": 1011, "price": 58}}
{"event_type": "app_launch", "user_id": "nihao002", "device_id": "dev_nihao002_13", "timestamp": 1773500080000, "page": "home", "extra_data": {"source": "direct"}}
{"event_type": "page_view", "user_id": "nihao002", "device_id": "dev_nihao002_13", "timestamp": 1773500080759, "page": "home", "extra_data": {}}
{"event_type": "page_view", "user_id": "nihao002", "device_id": "dev_nihao002_13", "timestamp": 1773500083000, "page": "product_1055", "extra_data": {"product_id": 1055, "price": 46}}
{"event_type": "add_to_cart", "user_id": "nihao002", "device_id": "dev_nihao002_13", "timestamp": 1773500087547, "page": "product_1055", "extra_data": {"product_id": 1055, "price": 46, "quantity": 1}}
{"event_type": "page_view", "user_id": "nihao002", "device_id": "dev_nihao002_13", "timestamp": 1773500091332, "page": "product_1034", "extra_data": {"product_id": 1034, "price": 73}}
{"event_type": "add_to_cart", "user_id": "nihao002", "device_id": "dev_nihao002_13", "timestamp": 1773500094488, "page": "product_1034", "extra_data": {"product_id": 1034, "price": 73, "quantity": 3}}
{"event_type": "page_view", "user_id": "nihao002", "device_id": "dev_nihao002_13", "timestamp": 1773500096954, "page": "product_1033", "extra_data": {"product_id": 1033, "price": 35}}
{"event_type": "add_to_cart", "user_id": "nihao002", "device_id": "dev_nihao002_13", "timestamp": 1773500101241, "page": "product_1033", "extra_data": {"product_id": 1033, "price": 35, "quantity": 1}}
{"event_type": "app_launch", "user_id": "nihao", "device_id": "dev_nihao_0", "timestamp": 1773542125000, "page": "home", "extra_data": {"source": "direct"}}
{"event_type": "page_view", "user_id": "nihao", "device_id": "dev_nihao_0", "timestamp": 1773542126083, "page": "home", "extra_data": {}}
{"event_type": "page_view", "user_id": "nihao", "device_id": "dev_nihao_0", "timestamp": 1773542128000, "page": "product_1021", "extra_data": {"product_id": 1021, "price": 89}}
{"event_type": "click", "user_id": "nihao", "device_id": "dev_nihao_0", "timestamp": 1773542131219, "page": "product_1021", "extra_data": {"product_id": 1021, "element": "image"}}
{"event_type": "add_to_cart", "user_id": "nihao", "device_id": "dev_nihao_0", "timestamp": 1773542133793, "page": "product_1021", "extra_data": {"product_id": 1021, "price": 89, "quantity": 2}}
{"event_type": "page_view", "user_id": "nihao", "device_id": "dev_nihao_0", "timestamp": 1773542136678, "page": "product_1020", "extra_data": {"product_id": 1020, "price": 49}}
{"event_type": "purchase", "user_id": "nihao", "device_id": "dev_nihao_0", "timestamp": 1773542141369, "page": "checkout", "extra_data": {"products": [{"product_id": 1021, "price": 89, "quantity": 2}], "total_amount": 178}}
{"event_type": "app_launch", "user_id": "nihao002", "device_id": "dev_nihao002_18", "timestamp": 1773545519000, "page": "home", "extra_data": {"source": "direct"}}
{"event_type": "page_view", "user_id": "nihao002", "device_id": "dev_nihao002_18", "timestamp": 1773545520992, "page": "home", "extra_data": {}}
{"event_type": "page_view", "user_id": "nihao002", "device_id": "dev_nihao002_18", "timestamp": 1773545522000, "page": "product_1031", "extra_data": {"product_id": 1031, "price": 27}}
{"event_type": "page_view", "user_id": "nihao002", "device_id": "dev_nihao002_18", "timestamp": 1773545526405, "page": "product_1058", "extra_data": {"product_id": 1058, "price": 18}}
{"event_type": "click", "user_id": "nihao002", "device_id": "dev_nihao002_18", "timestamp": 1773545529082, "page": "product_1058", "extra_data": {"product_id": 1058, "element": "image"}}
{"event_type": "page_view", "user_id": "nihao002", "device_id": "dev_nihao002_18", "timestamp": 1773545531237, "page": "product_1029", "extra_data": {"product_id": 1029, "price": 74}}
{"event_type": "click", "user_id": "nihao002", "device_id": "dev_nihao002_18", "timestamp": 1773545535351, "page": "product_1029", "extra_data": {"product_id": 1029, "element": "image"}}
{"event_type": "page_view", "user_id": "nihao002", "device_id": "dev_nihao002_18", "timestamp": 1773545537941, "page": "product_1030", "extra_data": {"product_id": 1030, "price": 17}}
{"event_type": "click", "user_id": "nihao002", "device_id": "dev_nihao002_18", "timestamp": 1773545540565, "page": "product_1030", "extra_data": {"product_id": 1030, "element": "image"}}
{"event_type": "add_to_cart", "user_id": "nihao002", "device_id": "dev_nihao002_18", "timestamp": 1773545542000, "page": "product_1030", "extra_data": {"product_id": 1030, "price": 17, "quantity": 2}}
{"event_type": "page_view", "user_id": "nihao002", "device_id": "dev_nihao002_18", "timestamp": 1773545544753, "page": "product_1032", "extra_data": {"product_id": 1032, "price": 58}}
{"event_type": "add_to_cart", "user_id": "nihao002", "device_id": "dev_nihao002_18", "timestamp": 1773545547098, "page": "product_1032", "extra_data": {"product_id": 1032, "price": 58, "quantity": 3}}
{"event_type": "app_launch", "user_id": "test005", "device_id": "dev_test005_14", "timestamp": 1773549298000, "page": "home", "extra_data": {"source": "direct"}}
{"event_type": "page_view", "user_id": "test005", "device_id": "dev_test005_14", "timestamp": 1773549299930, "page": "home", "extra_data": {}}
{"event_type": "page_view", "user_id": "test005", "device_id": "dev_test005_14", "timestamp": 1773549301000, "page": "product_1008", "extra_data": {"product_id": 1008, "price": 23}}
{"event_type": "add_to_cart", "user_id": "test005", "device_id": "dev_test005_14", "timestamp": 1773549305138, "page": "product_1008", "extra_data": {"product_id": 1008, "price": 23, "quantity": 3}}
{"event_type": "page_view", "user_id": "test005", "device_id": "dev_test005_14", "timestamp": 1773549307248, "page": "product_1010", "extra_data": {"product_id": 1010, "price": 18}}
{"event_type": "click", "user_id": "test005", "device_id": "dev_test005_14", "timestamp": 1773549311843, "page": "product_1010", "extra_data": {"product_id": 1010, "element": "image"}}
{"event_type": "page_view", "user_id": "test005", "device_id": "dev_test005_14", "timestamp": 1773549313749, "page": "product_1037", "extra_data": {"product_id": 1037, "price": 22}}
{"event_type": "click", "user_id": "test005", "device_id": "dev_test005_14", "timestamp": 1773549318030, "page": "product_1037", "extra_data": {"product_id": 1037, "element": "image"}}
{"event_type": "app_launch", "user_id": "nihao005", "device_id": "dev_nihao005_14", "timestamp": 1773555470000, "page": "home", "extra_data": {"source": "direct"}}
{"event_type": "page_view", "user_id": "nihao005", "device_id": "dev_nihao005_14", "timestamp": 1773555471254, "page": "home", "extra_data": {}}
{"event_type": "page_view", "user_id": "nihao005", "device_id": "dev_nihao005_14", "timestamp": 1773555473000, "page": "product_1005", "extra_data": {"product_id": 1005, "price": 29}}
{"event_type": "click", "user_id": "nihao005", "device_id": "dev_nihao005_14", "timestamp": 1773555476482, "page": "product_1005", "extra_data": {"product_id": 1005, "element": "image"}}
{"event_type": "page_view", "user_id": "nihao005", "device_id": "dev_nihao005_14", "timestamp": 1773555478525, "page": "product_1051", "extra_data": {"product_id": 1051, "price": 100}}
{"event_type": "click", "user_id": "nihao005", "device_id": "dev_nihao005_14", "timestamp": 1773555482898, "page": "product_1051", "extra_data": {"product_id": 1051, "element": "image"}}
{"event_type": "page_view", "user_id": "nihao005", "device_id": "dev_nihao005_14", "timestamp": 1773555485696, "page": "product_1035", "extra_data": {"product_id": 1035, "price": 100}}
{"event_type": "click", "user_id": "nihao005", "device_id": "dev_nihao005_14", "timestamp": 1773555489873, "page": "product_1035", "extra_data": {"product_id": 1035, "element": "image"}}
{"event_type": "page_view", "user_id": "nihao005", "device_id": "dev_nihao005_14", "timestamp": 1773555492307, "page": "product_1056", "extra_data": {"product_id": 1056, "price": 87}}
{"event_type": "click", "user_id": "nihao005", "device_id": "dev_nihao005_14", "timestamp": 1773555494497, "page": "product_1056", "extra_data": {"product_id": 1056, "element": "image"}}
{"event_type": "add_to_cart", "user_id": "nihao005", "device_id": "dev_nihao005_14", "timestamp": 1773555496680, "page": "product_1056", "extra_data": {"product_id": 1056, "price": 87, "quantity": 2}}
{"event_type": "page_view", "user_id": "nihao005", "device_id": "dev_nihao005_14", "timestamp": 1773555500537, "page": "product_1058", "extra_data": {"product_id": 1058, "price": 18}}
{"event_type": "purchase", "user_id": "nihao005", "device_id": "dev_nihao005_14", "timestamp": 1773555504558, "page": "checkout", "extra_data": {"products": [{"product_id": 1056, "price": 87, "quantity": 2}], "total_amount": 174}}
{"event_type": "app_launch", "user_id": "renwei", "device_id": "dev_renwei_16", "timestamp": 1773559492000, "page": "home", "extra_data": {"source": "direct"}}
{"event_type": "page_view", "user_id": "renwei", "device_id": "dev_renwei_16", "timestamp": 1773559492628, "page": "home", "extra_data": {}}
{"event_type": "page_view", "user_id": "renwei", "device_id": "dev_renwei_16", "timestamp": 1773559495000, "page": "product_1012", "extra_data": {"product_id": 1012, "price": 26}}
{"event_type": "add_to_cart", "user_id": "renwei", "device_id": "dev_renwei_16", "timestamp": 1773559498913, "page": "product_1012", "extra_data": {"product_id": 1012, "price": 26, "quantity": 3}}
{"event_type": "page_view", "user_id": "renwei", "device_id": "dev_renwei_16", "timestamp": 1773559502759, "page": "product_1013", "extra_data": {"product_id": 1013, "price": 75}}
{"event_type": "add_to_cart", "user_id": "renwei", "device_id": "dev_renwei_16", "timestamp": 1773559505771, "page": "product_1013", "extra_data": {"product_id": 1013, "price": 75, "quantity": 1}}
{"event_type": "page_view", "user_id": "renwei", "device_id": "dev_renwei_16", "timestamp": 1773559509755, "page": "product_1058", "extra_data": {"product_id": 1058, "price": 18}}
{"event_type": "add_to_cart", "user_id": "renwei", "device_id": "dev_renwei_16", "timestamp": 1773559514200, "page": "product_1058", "extra_data": {"product_id": 1058, "price": 18, "quantity": 2}}
{"event_type": "app_launch", "user_id": "nihao002", "device_id": "dev_nihao002_22", "timestamp": 1773565352000, "page": "home", "extra_data": {"source": "direct"}}
{"event_type": "page_view", "user_id": "nihao002", "device_id": "dev_nihao002_22", "timestamp": 1773565352897, "page": "home", "extra_data": {}}
{"event_type": "page_view", "user_id": "nihao002", "device_id": "dev_nihao002_22", "timestamp": 1773565355000, "page": "product_1055", "extra_data": {"product_id": 1055, "price": 46}}
{"event_type": "click", "user_id": "nihao002", "device_id": "dev_nihao002_22", "timestamp": 1773565358777, "page": "product_1055", "extra_data": {"product_id": 1055, "element": "image"}}
{"event_type": "page_view", "user_id": "nihao002", "device_id": "dev_nihao002_22", "timestamp": 1773565360812, "page": "product_1010", "extra_data": {"product_id": 1010, "price": 18}}
{"event_type": "click", "user_id": "nihao002", "device_id": "dev_nihao002_22", "timestamp": 1773565364086, "page": "product_1010", "extra_data": {"product_id": 1010, "element": "image"}}
{"event_type": "add_to_cart", "user_id": "nihao002", "device_id": "dev_nihao002_22", "timestamp": 1773565366399, "page": "product_1010", "extra_data": {"product_id": 1010, "price": 18, "quantity": 3}}
{"event_type": "page_view", "user_id": "nihao002", "device_id": "dev_nihao002_22", "timestamp": 1773565369071, "page": "product_1033", "extra_data": {"product_id": 1033, "price": 35}}
{"event_type": "app_launch", "user_id": "nihao004", "device_id": "dev_nihao004_8", "timestamp": 1773566801000, "page": "home", "extra_data": {"source": "direct"}}
{"event_type": "page_view", "user_id": "nihao004", "device_id": "dev_nihao004_8", "timestamp": 1773566802825, "page": "home", "extra_data": {}}
{"event_type": "page_view", "user_id": "nihao004", "device_id": "dev_nihao004_8", "timestamp": 1773566804000, "page": "product_1049", "extra_data": {"product_id": 1049, "price": 62}}
{"event_type": "page_view", "user_id": "nihao004", "device_id": "dev_nihao004_8", "timestamp": 1773566807029, "page": "product_1040", "extra_data": {"product_id": 1040, "price": 11}}
{"event_type": "click", "user_id": "nihao004", "device_id": "dev_nihao004_8", "timestamp": 1773566810028, "page": "product_1040", "extra_data": {"product_id": 1040, "element": "image"}}
{"event_type": "add_to_cart", "user_id": "nihao004", "device_id": "dev_nihao004_8", "timestamp": 1773566812176, "page": "product_1040", "extra_data": {"product_id": 1040, "price": 11, "quantity": 2}}
{"event_type": "page_view", "user_id": "nihao004", "device_id": "dev_nihao004_8", "timestamp": 1773566814617, "page": "product_1030", "extra_data": {"product_id": 1030, "price": 17}}
{"event_type": "page_view", "user_id": "nihao004", "device_id": "dev_nihao004_8", "timestamp": 1773566816965, "page": "product_1032", "extra_data": {"product_id": 1032, "price": 58}}
{"event_type": "add_to_cart", "user_id": "nihao004", "device_id": "dev_nihao004_8", "timestamp": 1773566819201, "page": "product_1032", "extra_data": {"product_id": 1032, "price": 58, "quantity": 1}}
{"event_type": "page_view", "user_id": "nihao004", "device_id": "dev_nihao004_8", "timestamp": 1773566821260, "page": "product_1020", "extra_data": {"product_id": 1020, "price": 49}}
{"event_type": "click", "user_id": "nihao004", "device_id": "dev_nihao004_8", "timestamp": 1773566823758, "page": "product_1020", "extra_data": {"product_id": 1020, "element": "image"}}
{"event_type": "add_to_cart", "user_id": "nihao004", "device_id": "dev_nihao004_8", "timestamp": 1773566826612, "page": "product_1020", "extra_data": {"product_id": 1020, "price": 49, "quantity": 2}}
{"event_type": "app_launch", "user_id": "test005", "device_id": "dev_test005_15", "timestamp": 1773574394000, "page": "home", "extra_data": {"source": "direct"}}
{"event_type": "page_view", "user_id": "test005", "device_id": "dev_test005_15", "timestamp": 1773574394791, "page": "home", "extra_data": {}}
{"event_type": "page_view", "user_id": "test005", "device_id": "dev_test005_15", "timestamp": 1773574397000, "page": "product_1010", "extra_data": {"product_id": 1010, "price": 18}}
{"event_type": "page_view", "user_id": "test005", "device_id": "dev_test005_15", "timestamp": 1773574401542, "page": "product_1002", "extra_data": {"product_id": 1002, "price": 18}}
{"event_type": "click", "user_id": "test005", "device_id": "dev_test005_15", "timestamp": 1773574404650, "page": "product_1002", "extra_data": {"product_id": 1002, "element": "image"}}
{"event_type": "page_view", "user_id": "test005", "device_id": "dev_test005_15", "timestamp": 1773574406479, "page": "product_1020", "extra_data": {"product_id": 1020, "price": 49}}
{"event_type": "click", "user_id": "test005", "device_id": "dev_test005_15", "timestamp": 1773574408927, "page": "product_1020", "extra_data": {"product_id": 1020, "element": "image"}}
{"event_type": "page_view", "user_id": "test005", "device_id": "dev_test005_15", "timestamp": 1773574410459, "page": "product_1004", "extra_data": {"product_id": 1004, "price": 34}}
{"event_type": "add_to_cart", "user_id": "test005", "device_id": "dev_test005_15", "timestamp": 1773574415009, "page": "product_1004", "extra_data": {"product_id": 1004, "price": 34, "quantity": 1}}
{"event_type": "app_launch", "user_id": "nihao002", "device_id": "dev_nihao002_14", "timestamp": 1773585312000, "page": "home", "extra_data": {"source": "direct"}}
{"event_type": "page_view", "user_id": "nihao002", "device_id": "dev_nihao002_14", "timestamp": 1773585313783, "page": "home", "extra_data": {}}
{"event_type": "page_view", "user_id": "nihao002", "device_id": "dev_nihao002_14", "timestamp": 1773585315000, "page": "product_1032", "extra_data": {"product_id": 1032, "price": 58}}
{"event_type": "click", "user_id": "nihao002", "device_id": "dev_nihao002_14", "timestamp": 1773585319612, "page": "product_1032", "extra_data": {"product_id": 1032, "element": "image"}}
{"event_type": "add_to_cart", "user_id": "nihao002", "device_id": "dev_nihao002_14", "timestamp": 1773585320894, "page": "product_1032", "extra_data": {"product_id": 1032, "price": 58, "quantity": 3}}
{"event_type": "page_view", "user_id": "nihao002", "device_id": "dev_nihao002_14", "timestamp": 1773585323897, "page": "product_1054", "extra_data": {"product_id": 1054, "price": 93}}
{"event_type": "page_view", "user_id": "nihao002", "device_id": "dev_nihao002_14", "timestamp": 1773585326791, "page": "product_1031", "extra_data": {"product_id": 1031, "price": 27}}
{"event_type": "click", "user_id": "nihao002", "device_id": "dev_nihao002_14", "timestamp": 1773585330482, "page": "product_1031", "extra_data": {"product_id": 1031, "element": "image"}}
{"event_type": "add_to_cart", "user_id": "nihao002", "device_id": "dev_nihao002_14", "timestamp": 1773585331579, "page": "product_1031", "extra_data": {"product_id": 1031, "price": 27, "quantity": 1}}
{"event_type": "page_view", "user_id": "nihao002", "device_id": "dev_nihao002_14", "timestamp": 1773585335020, "page": "product_1034", "extra_data": {"product_id": 1034, "price": 73}}
{"event_type": "click", "user_id": "nihao002", "device_id": "dev_nihao002_14", "timestamp": 1773585338522, "page": "product_1034", "extra_data": {"product_id": 1034, "element": "image"}}
{"event_type": "page_view", "user_id": "nihao002", "device_id": "dev_nihao002_14", "timestamp": 1773585339656, "page": "product_1033", "extra_data": {"product_id": 1033, "price": 35}}
{"event_type": "page_view", "user_id": "nihao002", "device_id": "dev_nihao002_14", "timestamp": 1773585342065, "page": "product_1027", "extra_data": {"product_id": 1027, "price": 92}}
{"event_type": "click", "user_id": "nihao002", "device_id": "dev_nihao002_14", "timestamp": 1773585346400, "page": "product_1027", "extra_data": {"product_id": 1027, "element": "image"}}
{"event_type": "add_to_cart", "user_id": "nihao002", "device_id": "dev_nihao002_14", "timestamp": 1773585348247, "page": "product_1027", "extra_data": {"product_id": 1027, "price": 92, "quantity": 2}}
{"event_type": "purchase", "user_id": "nihao002", "device_id": "dev_nihao002_14", "timestamp": 1773585350671, "page": "checkout", "extra_data": {"products": [{"product_id": 1031, "price": 27, "quantity": 1}, {"product_id": 1032, "price": 58, "quantity": 3}], "total_amount": 201}}
{"event_type": "app_launch", "user_id": "andy001", "device_id": "dev_andy001_17", "timestamp": 1773620954000, "page": "home", "extra_data": {"source": "direct"}}
{"event_type": "page_view", "user_id": "andy001", "device_id": "dev_andy001_17", "timestamp": 1773620954832, "page": "home", "extra_data": {}}
{"event_type": "page_view", "user_id": "andy001", "device_id": "dev_andy001_17", "timestamp": 1773620957000, "page": "product_1002", "extra_data": {"product_id": 1002, "price": 18}}
{"event_type": "click", "user_id": "andy001", "device_id": "dev_andy001_17", "timestamp": 1773620960429, "page": "product_1002", "extra_data": {"product_id": 1002, "element": "image"}}
{"event_type": "page_view", "user_id": "andy001", "device_id": "dev_andy001_17", "timestamp": 1773620962728, "page": "product_1005", "extra_data": {"product_id": 1005, "price": 29}}
{"event_type": "click", "user_id": "andy001", "device_id": "dev_andy001_17", "timestamp": 1773620965309, "page": "product_1005", "extra_data": {"product_id": 1005, "element": "image"}}
{"event_type": "add_to_cart", "user_id": "andy001", "device_id": "dev_andy001_17", "timestamp": 1773620966454, "page": "product_1005", "extra_data": {"product_id": 1005, "price": 29, "quantity": 2}}
{"event_type": "app_launch", "user_id": "nihao003", "device_id": "dev_nihao003_6", "timestamp": 1773638041000, "page": "home", "extra_data": {"source": "direct"}}
{"event_type": "page_view", "user_id": "nihao003", "device_id": "dev_nihao003_6", "timestamp": 1773638041868, "page": "home", "extra_data": {}}
{"event_type": "page_view", "user_id": "nihao003", "device_id": "dev_nihao003_6", "timestamp": 1773638044000, "page": "product_1040", "extra_data": {"product_id": 1040, "price": 11}}
{"event_type": "click", "user_id": "nihao003", "device_id": "dev_nihao003_6", "timestamp": 1773638047715, "page": "product_1040", "extra_data": {"product_id": 1040, "element": "image"}}
{"event_type": "add_to_cart", "user_id": "nihao003", "device_id": "dev_nihao003_6", "timestamp": 1773638049958, "page": "product_1040", "extra_data": {"product_id": 1040, "price": 11, "quantity": 1}}
{"event_type": "page_view", "user_id": "nihao003", "device_id": "dev_nihao003_6", "timestamp": 1773638052220, "page": "product_1015", "extra_data": {"product_id": 1015, "price": 97}}
{"event_type": "app_launch", "user_id": "test005", "device_id": "dev_test005_17", "timestamp": 1773657036000, "page": "home", "extra_data": {"source": "direct"}}
{"event_type": "page_view", "user_id": "test005", "device_id": "dev_test005_17", "timestamp": 1773657036927, "page": "home", "extra_data": {}}
{"event_type": "page_view", "user_id": "test005", "device_id": "dev_test005_17", "timestamp": 1773657039000, "page": "product_1056", "extra_data": {"product_id": 1056, "price": 87}}
{"event_type": "page_view", "user_id": "test005", "device_id": "dev_test005_17", "timestamp": 1773657042037, "page": "product_1015", "extra_data": {"product_id": 1015, "price": 97}}
{"event_type": "add_to_cart", "user_id": "test005", "device_id": "dev_test005_17", "timestamp": 1773657046924, "page": "product_1015", "extra_data": {"product_id": 1015, "price": 97, "quantity": 1}}
{"event_type": "page_view", "user_id": "test005", "device_id": "dev_test005_17", "timestamp": 1773657049148, "page": "product_1041", "extra_data": {"product_id": 1041, "price": 97}}
{"event_type": "click", "user_id": "test005", "device_id": "dev_test005_17", "timestamp": 1773657052104, "page": "product_1041", "extra_data": {"product_id": 1041, "element": "image"}}
{"event_type": "page_view", "user_id": "test005", "device_id": "dev_test005_17", "timestamp": 1773657054655, "page": "product_1024", "extra_data": {"product_id": 1024, "price": 79}}
{"event_type": "click", "user_id": "test005", "device_id": "dev_test005_17", "timestamp": 1773657059353, "page": "product_1024", "extra_data": {"product_id": 1024, "element": "image"}}
{"event_type": "app_launch", "user_id": "admin", "device_id": "dev_admin_12", "timestamp": 1773658498000, "page": "home", "extra_data": {"source": "direct"}}
{"event_type": "page_view", "user_id": "admin", "device_id": "dev_admin_12", "timestamp": 1773658499567, "page": "home", "extra_data": {}}
{"event_type": "page_view", "user_id": "admin", "device_id": "dev_admin_12", "timestamp": 1773658501000, "page": "product_1004", "extra_data": {"product_id": 1004, "price": 34}}
{"event_type": "click", "user_id": "admin", "device_id": "dev_admin_12", "timestamp": 1773658504417, "page": "product_1004", "extra_data": {"product_id": 1004, "element": "image"}}
{"event_type": "add_to_cart", "user_id": "admin", "device_id": "dev_admin_12", "timestamp": 1773658507260, "page": "product_1004", "extra_data": {"product_id": 1004, "price": 34, "quantity": 3}}
{"event_type": "page_view", "user_id": "admin", "device_id": "dev_admin_12", "timestamp": 1773658510674, "page": "product_1052", "extra_data": {"product_id": 1052, "price": 15}}
{"event_type": "click", "user_id": "admin", "device_id": "dev_admin_12", "timestamp": 1773658514724, "page": "product_1052", "extra_data": {"product_id": 1052, "element": "image"}}
{"event_type": "page_view", "user_id": "admin", "device_id": "dev_admin_12", "timestamp": 1773658516817, "page": "product_1031", "extra_data": {"product_id": 1031, "price": 27}}
{"event_type": "add_to_cart", "user_id": "admin", "device_id": "dev_admin_12", "timestamp": 1773658520013, "page": "product_1031", "extra_data": {"product_id": 1031, "price": 27, "quantity": 1}}
{"event_type": "page_view", "user_id": "admin", "device_id": "dev_admin_12", "timestamp": 1773658523518, "page": "product_1033", "extra_data": {"product_id": 1033, "price": 35}}
{"event_type": "click", "user_id": "admin", "device_id": "dev_admin_12", "timestamp": 1773658528288, "page": "product_1033", "extra_data": {"product_id": 1033, "element": "image"}}
{"event_type": "add_to_cart", "user_id": "admin", "device_id": "dev_admin_12", "timestamp": 1773658529974, "page": "product_1033", "extra_data": {"product_id": 1033, "price": 35, "quantity": 2}}
{"event_type": "page_view", "user_id": "admin", "device_id": "dev_admin_12", "timestamp": 1773658532789, "page": "product_1007", "extra_data": {"product_id": 1007, "price": 59}}
{"event_type": "add_to_cart", "user_id": "admin", "device_id": "dev_admin_12", "timestamp": 1773658535862, "page": "product_1007", "extra_data": {"product_id": 1007, "price": 59, "quantity": 1}}
{"event_type": "page_view", "user_id": "admin", "device_id": "dev_admin_12", "timestamp": 1773658538589, "page": "product_1054", "extra_data": {"product_id": 1054, "price": 93}}
{"event_type": "add_to_cart", "user_id": "admin", "device_id": "dev_admin_12", "timestamp": 1773658541868, "page": "product_1054", "extra_data": {"product_id": 1054, "price": 93, "quantity": 2}}
{"event_type": "purchase", "user_id": "admin", "device_id": "dev_admin_12", "timestamp": 1773658545188, "page": "checkout", "extra_data": {"products": [{"product_id": 1033, "price": 35, "quantity": 2}, {"product_id": 1054, "price": 93, "quantity": 2}], "total_amount": 256}}
{"event_type": "app_launch", "user_id": "nihao003", "device_id": "dev_nihao003_1", "timestamp": 1773664517000, "page": "home", "extra_data": {"source": "direct"}}
{"event_type": "page_view", "user_id": "nihao003", "device_id": "dev_nihao003_1", "timestamp": 1773664518037, "page": "home", "extra_data": {}}
{"event_type": "page_view", "user_id": "nihao003", "device_id": "dev_nihao003_1", "timestamp": 1773664520000, "page": "product_1041", "extra_data": {"product_id": 1041, "price": 97}}
{"event_type": "page_view", "user_id": "nihao003", "device_id": "dev_nihao003_1", "timestamp": 1773664522856, "page": "product_1044", "extra_data": {"product_id": 1044, "price": 17}}
{"event_type": "page_view", "user_id": "nihao003", "device_id": "dev_nihao003_1", "timestamp": 1773664527452, "page": "product_1045", "extra_data": {"product_id": 1045, "price": 15}}
{"event_type": "click", "user_id": "nihao003", "device_id": "dev_nihao003_1", "timestamp": 1773664530454, "page": "product_1045", "extra_data": {"product_id": 1045, "element": "image"}}
{"event_type": "page_view", "user_id": "nihao003", "device_id": "dev_nihao003_1", "timestamp": 1773664531844, "page": "product_1043", "extra_data": {"product_id": 1043, "price": 22}}
{"event_type": "click", "user_id": "nihao003", "device_id": "dev_nihao003_1", "timestamp": 1773664534302, "page": "product_1043", "extra_data": {"product_id": 1043, "element": "image"}}
{"event_type": "add_to_cart", "user_id": "nihao003", "device_id": "dev_nihao003_1", "timestamp": 1773664535870, "page": "product_1043", "extra_data": {"product_id": 1043, "price": 22, "quantity": 3}}
{"event_type": "app_launch", "user_id": "nihao", "device_id": "dev_nihao_8", "timestamp": 1773666211000, "page": "home", "extra_data": {"source": "direct"}}
{"event_type": "page_view", "user_id": "nihao", "device_id": "dev_nihao_8", "timestamp": 1773666212946, "page": "home", "extra_data": {}}
{"event_type": "page_view", "user_id": "nihao", "device_id": "dev_nihao_8", "timestamp": 1773666214000, "page": "product_1024", "extra_data": {"product_id": 1024, "price": 79}}
{"event_type": "click", "user_id": "nihao", "device_id": "dev_nihao_8", "timestamp": 1773666218871, "page": "product_1024", "extra_data": {"product_id": 1024, "element": "image"}}
{"event_type": "add_to_cart", "user_id": "nihao", "device_id": "dev_nihao_8", "timestamp": 1773666221685, "page": "product_1024", "extra_data": {"product_id": 1024, "price": 79, "quantity": 2}}
{"event_type": "page_view", "user_id": "nihao", "device_id": "dev_nihao_8", "timestamp": 1773666224885, "page": "product_1020", "extra_data": {"product_id": 1020, "price": 49}}
{"event_type": "page_view", "user_id": "nihao", "device_id": "dev_nihao_8", "timestamp": 1773666229022, "page": "product_1021", "extra_data": {"product_id": 1021, "price": 89}}
{"event_type": "add_to_cart", "user_id": "nihao", "device_id": "dev_nihao_8", "timestamp": 1773666233664, "page": "product_1021", "extra_data": {"product_id": 1021, "price": 89, "quantity": 1}}
{"event_type": "app_launch", "user_id": "nihao005", "device_id": "dev_nihao005_20", "timestamp": 1773714291000, "page": "home", "extra_data": {"source": "direct"}}
{"event_type": "page_view", "user_id": "nihao005", "device_id": "dev_nihao005_20", "timestamp": 1773714291729, "page": "home", "extra_data": {}}
{"event_type": "page_view", "user_id": "nihao005", "device_id": "dev_nihao005_20", "timestamp": 1773714294000, "page": "product_1045", "extra_data": {"product_id": 1045, "price": 15}}
{"event_type": "add_to_cart", "user_id": "nihao005", "device_id": "dev_nihao005_20", "timestamp": 1773714297764, "page": "product_1045", "extra_data": {"product_id": 1045, "price": 15, "quantity": 2}}
{"event_type": "page_view", "user_id": "nihao005", "device_id": "dev_nihao005_20", "timestamp": 1773714299850, "page": "product_1005", "extra_data": {"product_id": 1005, "price": 29}}
{"event_type": "click", "user_id": "nihao005", "device_id": "dev_nihao005_20", "timestamp": 1773714301936, "page": "product_1005", "extra_data": {"product_id": 1005, "element": "image"}}
{"event_type": "add_to_cart", "user_id": "nihao005", "device_id": "dev_nihao005_20", "timestamp": 1773714304552, "page": "product_1005", "extra_data": {"product_id": 1005, "price": 29, "quantity": 2}}
{"event_type": "page_view", "user_id": "nihao005", "device_id": "dev_nihao005_20", "timestamp": 1773714307088, "page": "product_1025", "extra_data": {"product_id": 1025, "price": 93}}
{"event_type": "click", "user_id": "nihao005", "device_id": "dev_nihao005_20", "timestamp": 1773714311061, "page": "product_1025", "extra_data": {"product_id": 1025, "element": "image"}}
{"event_type": "add_to_cart", "user_id": "nihao005", "device_id": "dev_nihao005_20", "timestamp": 1773714312093, "page": "product_1025", "extra_data": {"product_id": 1025, "price": 93, "quantity": 1}}
{"event_type": "page_view", "user_id": "nihao005", "device_id": "dev_nihao005_20", "timestamp": 1773714315158, "page": "product_1042", "extra_data": {"product_id": 1042, "price": 33}}
{"event_type": "click", "user_id": "nihao005", "device_id": "dev_nihao005_20", "timestamp": 1773714318710, "page": "product_1042", "extra_data": {"product_id": 1042, "element": "image"}}
{"event_type": "page_view", "user_id": "nihao005", "device_id": "dev_nihao005_20", "timestamp": 1773714320595, "page": "product_1035", "extra_data": {"product_id": 1035, "price": 100}}
{"event_type": "add_to_cart", "user_id": "nihao005", "device_id": "dev_nihao005_20", "timestamp": 1773714323534, "page": "product_1035", "extra_data": {"product_id": 1035, "price": 100, "quantity": 1}}
{"event_type": "page_view", "user_id": "nihao005", "device_id": "dev_nihao005_20", "timestamp": 1773714326355, "page": "product_1015", "extra_data": {"product_id": 1015, "price": 97}}
{"event_type": "click", "user_id": "nihao005", "device_id": "dev_nihao005_20", "timestamp": 1773714328681, "page": "product_1015", "extra_data": {"product_id": 1015, "element": "image"}}
{"event_type": "add_to_cart", "user_id": "nihao005", "device_id": "dev_nihao005_20", "timestamp": 1773714330937, "page": "product_1015", "extra_data": {"product_id": 1015, "price": 97, "quantity": 1}}
{"event_type": "purchase", "user_id": "nihao005", "device_id": "dev_nihao005_20", "timestamp": 1773714333336, "page": "checkout", "extra_data": {"products": [{"product_id": 1025, "price": 93, "quantity": 1}], "total_amount": 93}}
{"event_type": "app_launch", "user_id": "nihao002", "device_id": "dev_nihao002_20", "timestamp": 1773733846000, "page": "home", "extra_data": {"source": "direct"}}
{"event_type": "page_view", "user_id": "nihao002", "device_id": "dev_nihao002_20", "timestamp": 1773733847995, "page": "home", "extra_data": {}}
{"event_type": "page_view", "user_id": "nihao002", "device_id": "dev_nihao002_20", "timestamp": 1773733849000, "page": "product_1021", "extra_data": {"product_id": 1021, "price": 89}}
{"event_type": "click", "user_id": "nihao002", "device_id": "dev_nihao002_20", "timestamp": 1773733852660, "page": "product_1021", "extra_data": {"product_id": 1021, "element": "image"}}
{"event_type": "page_view", "user_id": "nihao002", "device_id": "dev_nihao002_20", "timestamp": 1773733855087, "page": "product_1032", "extra_data": {"product_id": 1032, "price": 58}}
{"event_type": "click", "user_id": "nihao002", "device_id": "dev_nihao002_20", "timestamp": 1773733858200, "page": "product_1032", "extra_data": {"product_id": 1032, "element": "image"}}
{"event_type": "page_view", "user_id": "nihao002", "device_id": "dev_nihao002_20", "timestamp": 1773733859232, "page": "product_1034", "extra_data": {"product_id": 1034, "price": 73}}
{"event_type": "click", "user_id": "nihao002", "device_id": "dev_nihao002_20", "timestamp": 1773733862912, "page": "product_1034", "extra_data": {"product_id": 1034, "element": "image"}}
{"event_type": "add_to_cart", "user_id": "nihao002", "device_id": "dev_nihao002_20", "timestamp": 1773733865034, "page": "product_1034", "extra_data": {"product_id": 1034, "price": 73, "quantity": 2}}
{"event_type": "page_view", "user_id": "nihao002", "device_id": "dev_nihao002_20", "timestamp": 1773733868532, "page": "product_1014", "extra_data": {"product_id": 1014, "price": 89}}
{"event_type": "add_to_cart", "user_id": "nihao002", "device_id": "dev_nihao002_20", "timestamp": 1773733871415, "page": "product_1014", "extra_data": {"product_id": 1014, "price": 89, "quantity": 3}}
{"event_type": "page_view", "user_id": "nihao002", "device_id": "dev_nihao002_20", "timestamp": 1773733874212, "page": "product_1033", "extra_data": {"product_id": 1033, "price": 35}}
{"event_type": "click", "user_id": "nihao002", "device_id": "dev_nihao002_20", "timestamp": 1773733879122, "page": "product_1033", "extra_data": {"product_id": 1033, "element": "image"}}
{"event_type": "page_view", "user_id": "nihao002", "device_id": "dev_nihao002_20", "timestamp": 1773733880586, "page": "product_1030", "extra_data": {"product_id": 1030, "price": 17}}
{"event_type": "click", "user_id": "nihao002", "device_id": "dev_nihao002_20", "timestamp": 1773733883294, "page": "product_1030", "extra_data": {"product_id": 1030, "element": "image"}}
{"event_type": "app_launch", "user_id": "nihao002", "device_id": "dev_nihao002_3", "timestamp": 1773738370000, "page": "home", "extra_data": {"source": "direct"}}
{"event_type": "page_view", "user_id": "nihao002", "device_id": "dev_nihao002_3", "timestamp": 1773738371830, "page": "home", "extra_data": {}}
{"event_type": "page_view", "user_id": "nihao002", "device_id": "dev_nihao002_3", "timestamp": 1773738373000, "page": "product_1031", "extra_data": {"product_id": 1031, "price": 27}}
{"event_type": "click", "user_id": "nihao002", "device_id": "dev_nihao002_3", "timestamp": 1773738376991, "page": "product_1031", "extra_data": {"product_id": 1031, "element": "image"}}
{"event_type": "page_view", "user_id": "nihao002", "device_id": "dev_nihao002_3", "timestamp": 1773738379096, "page": "product_1033", "extra_data": {"product_id": 1033, "price": 35}}
{"event_type": "page_view", "user_id": "nihao002", "device_id": "dev_nihao002_3", "timestamp": 1773738383599, "page": "product_1032", "extra_data": {"product_id": 1032, "price": 58}}
{"event_type": "click", "user_id": "nihao002", "device_id": "dev_nihao002_3", "timestamp": 1773738386307, "page": "product_1032", "extra_data": {"product_id": 1032, "element": "image"}}
{"event_type": "page_view", "user_id": "nihao002", "device_id": "dev_nihao002_3", "timestamp": 1773738387905, "page": "product_1016", "extra_data": {"product_id": 1016, "price": 33}}
{"event_type": "click", "user_id": "nihao002", "device_id": "dev_nihao002_3", "timestamp": 1773738391836, "page": "product_1016", "extra_data": {"product_id": 1016, "element": "image"}}
{"event_type": "app_launch", "user_id": "test005", "device_id": "dev_test005_1", "timestamp": 1773740317000, "page": "home", "extra_data": {"source": "direct"}}
{"event_type": "page_view", "user_id": "test005", "device_id": "dev_test005_1", "timestamp": 1773740317890, "page": "home", "extra_data": {}}
{"event_type": "page_view", "user_id": "test005", "device_id": "dev_test005_1", "timestamp": 1773740320000, "page": "product_1002", "extra_data": {"product_id": 1002, "price": 18}}
{"event_type": "add_to_cart", "user_id": "test005", "device_id": "dev_test005_1", "timestamp": 1773740324718, "page": "product_1002", "extra_data": {"product_id": 1002, "price": 18, "quantity": 1}}
{"event_type": "page_view", "user_id": "test005", "device_id": "dev_test005_1", "timestamp": 1773740328207, "page": "product_1004", "extra_data": {"product_id": 1004, "price": 34}}
{"event_type": "page_view", "user_id": "test005", "device_id": "dev_test005_1", "timestamp": 1773740332141, "page": "product_1058", "extra_data": {"product_id": 1058, "price": 18}}
{"event_type": "click", "user_id": "test005", "device_id": "dev_test005_1", "timestamp": 1773740336131, "page": "product_1058", "extra_data": {"product_id": 1058, "element": "image"}}
{"event_type": "page_view", "user_id": "test005", "device_id": "dev_test005_1", "timestamp": 1773740338640, "page": "product_1022", "extra_data": {"product_id": 1022, "price": 58}}
{"event_type": "click", "user_id": "test005", "device_id": "dev_test005_1", "timestamp": 1773740343194, "page": "product_1022", "extra_data": {"product_id": 1022, "element": "image"}}
{"event_type": "purchase", "user_id": "test005", "device_id": "dev_test005_1", "timestamp": 1773740345042, "page": "checkout", "extra_data": {"products": [{"product_id": 1002, "price": 18, "quantity": 1}], "total_amount": 18}}
{"event_type": "app_launch", "user_id": "renwei", "device_id": "dev_renwei_12", "timestamp": 1773752477000, "page": "home", "extra_data": {"source": "direct"}}
{"event_type": "page_view", "user_id": "renwei", "device_id": "dev_renwei_12", "timestamp": 1773752477637, "page": "home", "extra_data": {}}
{"event_type": "page_view", "user_id": "renwei", "device_id": "dev_renwei_12", "timestamp": 1773752480000, "page": "product_1010", "extra_data": {"product_id": 1010, "price": 18}}
{"event_type": "click", "user_id": "renwei", "device_id": "dev_renwei_12", "timestamp": 1773752482148, "page": "product_1010", "extra_data": {"product_id": 1010, "element": "image"}}
{"event_type": "page_view", "user_id": "renwei", "device_id": "dev_renwei_12", "timestamp": 1773752483815, "page": "product_1012", "extra_data": {"product_id": 1012, "price": 26}}
{"event_type": "click", "user_id": "renwei", "device_id": "dev_renwei_12", "timestamp": 1773752488436, "page": "product_1012", "extra_data": {"product_id": 1012, "element": "image"}}
{"event_type": "page_view", "user_id": "renwei", "device_id": "dev_renwei_12", "timestamp": 1773752490516, "page": "product_1052", "extra_data": {"product_id": 1052, "price": 15}}
{"event_type": "click", "user_id": "renwei", "device_id": "dev_renwei_12", "timestamp": 1773752493700, "page": "product_1052", "extra_data": {"product_id": 1052, "element": "image"}}
{"event_type": "page_view", "user_id": "renwei", "device_id": "dev_renwei_12", "timestamp": 1773752496356, "page": "product_1015", "extra_data": {"product_id": 1015, "price": 97}}
{"event_type": "add_to_cart", "user_id": "renwei", "device_id": "dev_renwei_12", "timestamp": 1773752499288, "page": "product_1015", "extra_data": {"product_id": 1015, "price": 97, "quantity": 1}}
{"event_type": "page_view", "user_id": "renwei", "device_id": "dev_renwei_12", "timestamp": 1773752502383, "page": "product_1013", "extra_data": {"product_id": 1013, "price": 75}}
{"event_type": "app_launch", "user_id": "nihao003", "device_id": "dev_nihao003_25", "timestamp": 1773826244000, "page": "home", "extra_data": {"source": "direct"}}
{"event_type": "page_view", "user_id": "nihao003", "device_id": "dev_nihao003_25", "timestamp": 1773826245779, "page": "home", "extra_data": {}}
{"event_type": "page_view", "user_id": "nihao003", "device_id": "dev_nihao003_25", "timestamp": 1773826247000, "page": "product_1056", "extra_data": {"product_id": 1056, "price": 87}}
{"event_type": "click", "user_id": "nihao003", "device_id": "dev_nihao003_25", "timestamp": 1773826250040, "page": "product_1056", "extra_data": {"product_id": 1056, "element": "image"}}
{"event_type": "page_view", "user_id": "nihao003", "device_id": "dev_nihao003_25", "timestamp": 1773826252938, "page": "product_1043", "extra_data": {"product_id": 1043, "price": 22}}
{"event_type": "click", "user_id": "nihao003", "device_id": "dev_nihao003_25", "timestamp": 1773826257461, "page": "product_1043", "extra_data": {"product_id": 1043, "element": "image"}}
{"event_type": "add_to_cart", "user_id": "nihao003", "device_id": "dev_nihao003_25", "timestamp": 1773826259765, "page": "product_1043", "extra_data": {"product_id": 1043, "price": 22, "quantity": 1}}
{"event_type": "page_view", "user_id": "nihao003", "device_id": "dev_nihao003_25", "timestamp": 1773826262389, "page": "product_1041", "extra_data": {"product_id": 1041, "price": 97}}
{"event_type": "click", "user_id": "nihao003", "device_id": "dev_nihao003_25", "timestamp": 1773826265867, "page": "product_1041", "extra_data": {"product_id": 1041, "element": "image"}}
{"event_type": "add_to_cart", "user_id": "nihao003", "device_id": "dev_nihao003_25", "timestamp": 1773826266868, "page": "product_1041", "extra_data": {"product_id": 1041, "price": 97, "quantity": 2}}
{"event_type": "app_launch", "user_id": "andy001", "device_id": "dev_andy001_6", "timestamp": 1773831671000, "page": "home", "extra_data": {"source": "direct"}}
{"event_type": "page_view", "user_id": "andy001", "device_id": "dev_andy001_6", "timestamp": 1773831672661, "page": "home", "extra_data": {}}
{"event_type": "page_view", "user_id": "andy001", "device_id": "dev_andy001_6", "timestamp": 1773831674000, "page": "product_1003", "extra_data": {"product_id": 1003, "price": 23}}
{"event_type": "click", "user_id": "andy001", "device_id": "dev_andy001_6", "timestamp": 1773831676160, "page": "product_1003", "extra_data": {"product_id": 1003, "element": "image"}}
{"event_type": "add_to_cart", "user_id": "andy001", "device_id": "dev_andy001_6", "timestamp": 1773831678544, "page": "product_1003", "extra_data": {"product_id": 1003, "price": 23, "quantity": 3}}
{"event_type": "page_view", "user_id": "andy001", "device_id": "dev_andy001_6", "timestamp": 1773831681359, "page": "product_1004", "extra_data": {"product_id": 1004, "price": 34}}
{"event_type": "click", "user_id": "andy001", "device_id": "dev_andy001_6", "timestamp": 1773831683960, "page": "product_1004", "extra_data": {"product_id": 1004, "element": "image"}}
{"event_type": "add_to_cart", "user_id": "andy001", "device_id": "dev_andy001_6", "timestamp": 1773831685785, "page": "product_1004", "extra_data": {"product_id": 1004, "price": 34, "quantity": 2}}
{"event_type": "page_view", "user_id": "andy001", "device_id": "dev_andy001_6", "timestamp": 1773831689458, "page": "product_1012", "extra_data": {"product_id": 1012, "price": 26}}
{"event_type": "app_launch", "user_id": "renwei", "device_id": "dev_renwei_4", "timestamp": 1773834708000, "page": "home", "extra_data": {"source": "direct"}}
{"event_type": "page_view", "user_id": "renwei", "device_id": "dev_renwei_4", "timestamp": 1773834708572, "page": "home", "extra_data": {}}
{"event_type": "page_view", "user_id": "renwei", "device_id": "dev_renwei_4", "timestamp": 1773834711000, "page": "product_1013", "extra_data": {"product_id": 1013, "price": 75}}
{"event_type": "click", "user_id": "renwei", "device_id": "dev_renwei_4", "timestamp": 1773834715916, "page": "product_1013", "extra_data": {"product_id": 1013, "element": "image"}}
{"event_type": "page_view", "user_id": "renwei", "device_id": "dev_renwei_4", "timestamp": 1773834717998, "page": "product_1012", "extra_data": {"product_id": 1012, "price": 26}}
{"event_type": "click", "user_id": "renwei", "device_id": "dev_renwei_4", "timestamp": 1773834721976, "page": "product_1012", "extra_data": {"product_id": 1012, "element": "image"}}
{"event_type": "add_to_cart", "user_id": "renwei", "device_id": "dev_renwei_4", "timestamp": 1773834724797, "page": "product_1012", "extra_data": {"product_id": 1012, "price": 26, "quantity": 2}}
{"event_type": "page_view", "user_id": "renwei", "device_id": "dev_renwei_4", "timestamp": 1773834727210, "page": "product_1011", "extra_data": {"product_id": 1011, "price": 58}}
{"event_type": "click", "user_id": "renwei", "device_id": "dev_renwei_4", "timestamp": 1773834731587, "page": "product_1011", "extra_data": {"product_id": 1011, "element": "image"}}
{"event_type": "add_to_cart", "user_id": "renwei", "device_id": "dev_renwei_4", "timestamp": 1773834732838, "page": "product_1011", "extra_data": {"product_id": 1011, "price": 58, "quantity": 1}}
{"event_type": "page_view", "user_id": "renwei", "device_id": "dev_renwei_4", "timestamp": 1773834735954, "page": "product_1023", "extra_data": {"product_id": 1023, "price": 96}}
{"event_type": "click", "user_id": "renwei", "device_id": "dev_renwei_4", "timestamp": 1773834738618, "page": "product_1023", "extra_data": {"product_id": 1023, "element": "image"}}
{"event_type": "add_to_cart", "user_id": "renwei", "device_id": "dev_renwei_4", "timestamp": 1773834740836, "page": "product_1023", "extra_data": {"product_id": 1023, "price": 96, "quantity": 3}}
{"event_type": "page_view", "user_id": "renwei", "device_id": "dev_renwei_4", "timestamp": 1773834744269, "page": "product_1010", "extra_data": {"product_id": 1010, "price": 18}}
{"event_type": "app_launch", "user_id": "andy001", "device_id": "dev_andy001_2", "timestamp": 1773835939000, "page": "home", "extra_data": {"source": "direct"}}
{"event_type": "page_view", "user_id": "andy001", "device_id": "dev_andy001_2", "timestamp": 1773835940734, "page": "home", "extra_data": {}}
{"event_type": "page_view", "user_id": "andy001", "device_id": "dev_andy001_2", "timestamp": 1773835942000, "page": "product_1003", "extra_data": {"product_id": 1003, "price": 23}}
{"event_type": "add_to_cart", "user_id": "andy001", "device_id": "dev_andy001_2", "timestamp": 1773835945592, "page": "product_1003", "extra_data": {"product_id": 1003, "price": 23, "quantity": 1}}
{"event_type": "page_view", "user_id": "andy001", "device_id": "dev_andy001_2", "timestamp": 1773835949145, "page": "product_1054", "extra_data": {"product_id": 1054, "price": 93}}
{"event_type": "page_view", "user_id": "andy001", "device_id": "dev_andy001_2", "timestamp": 1773835952352, "page": "product_1007", "extra_data": {"product_id": 1007, "price": 59}}
{"event_type": "app_launch", "user_id": "nihao002", "device_id": "dev_nihao002_21", "timestamp": 1773837150000, "page": "home", "extra_data": {"source": "direct"}}
{"event_type": "page_view", "user_id": "nihao002", "device_id": "dev_nihao002_21", "timestamp": 1773837151098, "page": "home", "extra_data": {}}
{"event_type": "page_view", "user_id": "nihao002", "device_id": "dev_nihao002_21", "timestamp": 1773837153000, "page": "product_1031", "extra_data": {"product_id": 1031, "price": 27}}
{"event_type": "click", "user_id": "nihao002", "device_id": "dev_nihao002_21", "timestamp": 1773837156716, "page": "product_1031", "extra_data": {"product_id": 1031, "element": "image"}}
{"event_type": "page_view", "user_id": "nihao002", "device_id": "dev_nihao002_21", "timestamp": 1773837159174, "page": "product_1030", "extra_data": {"product_id": 1030, "price": 17}}
{"event_type": "add_to_cart", "user_id": "nihao002", "device_id": "dev_nihao002_21", "timestamp": 1773837162232, "page": "product_1030", "extra_data": {"product_id": 1030, "price": 17, "quantity": 1}}
{"event_type": "page_view", "user_id": "nihao002", "device_id": "dev_nihao002_21", "timestamp": 1773837165970, "page": "product_1032", "extra_data": {"product_id": 1032, "price": 58}}
{"event_type": "click", "user_id": "nihao002", "device_id": "dev_nihao002_21", "timestamp": 1773837168234, "page": "product_1032", "extra_data": {"product_id": 1032, "element": "image"}}
{"event_type": "add_to_cart", "user_id": "nihao002", "device_id": "dev_nihao002_21", "timestamp": 1773837170565, "page": "product_1032", "extra_data": {"product_id": 1032, "price": 58, "quantity": 1}}
{"event_type": "page_view", "user_id": "nihao002", "device_id": "dev_nihao002_21", "timestamp": 1773837174125, "page": "product_1034", "extra_data": {"product_id": 1034, "price": 73}}
{"event_type": "click", "user_id": "nihao002", "device_id": "dev_nihao002_21", "timestamp": 1773837178365, "page": "product_1034", "extra_data": {"product_id": 1034, "element": "image"}}
{"event_type": "add_to_cart", "user_id": "nihao002", "device_id": "dev_nihao002_21", "timestamp": 1773837181148, "page": "product_1034", "extra_data": {"product_id": 1034, "price": 73, "quantity": 2}}
{"event_type": "page_view", "user_id": "nihao002", "device_id": "dev_nihao002_21", "timestamp": 1773837183774, "page": "product_1027", "extra_data": {"product_id": 1027, "price": 92}}
{"event_type": "click", "user_id": "nihao002", "device_id": "dev_nihao002_21", "timestamp": 1773837186830, "page": "product_1027", "extra_data": {"product_id": 1027, "element": "image"}}
{"event_type": "purchase", "user_id": "nihao002", "device_id": "dev_nihao002_21", "timestamp": 1773837188185, "page": "checkout", "extra_data": {"products": [{"product_id": 1032, "price": 58, "quantity": 1}, {"product_id": 1034, "price": 73, "quantity": 2}, {"product_id": 1030, "price": 17, "quantity": 1}], "total_amount": 221}}
{"event_type": "app_launch", "user_id": "nihao004", "device_id": "dev_nihao004_1", "timestamp": 1773838818000, "page": "home", "extra_data": {"source": "direct"}}
{"event_type": "page_view", "user_id": "nihao004", "device_id": "dev_nihao004_1", "timestamp": 1773838818963, "page": "home", "extra_data": {}}
{"event_type": "page_view", "user_id": "nihao004", "device_id": "dev_nihao004_1", "timestamp": 1773838821000, "page": "product_1010", "extra_data": {"product_id": 1010, "price": 18}}
{"event_type": "page_view", "user_id": "nihao004", "device_id": "dev_nihao004_1", "timestamp": 1773838823522, "page": "product_1001", "extra_data": {"product_id": 1001, "price": 67}}
{"event_type": "click", "user_id": "nihao004", "device_id": "dev_nihao004_1", "timestamp": 1773838828228, "page": "product_1001", "extra_data": {"product_id": 1001, "element": "image"}}
{"event_type": "add_to_cart", "user_id": "nihao004", "device_id": "dev_nihao004_1", "timestamp": 1773838830392, "page": "product_1001", "extra_data": {"product_id": 1001, "price": 67, "quantity": 2}}
{"event_type": "page_view", "user_id": "nihao004", "device_id": "dev_nihao004_1", "timestamp": 1773838833355, "page": "product_1058", "extra_data": {"product_id": 1058, "price": 18}}
{"event_type": "click", "user_id": "nihao004", "device_id": "dev_nihao004_1", "timestamp": 1773838837789, "page": "product_1058", "extra_data": {"product_id": 1058, "element": "image"}}
{"event_type": "page_view", "user_id": "nihao004", "device_id": "dev_nihao004_1", "timestamp": 1773838839966, "page": "product_1021", "extra_data": {"product_id": 1021, "price": 89}}
{"event_type": "page_view", "user_id": "nihao004", "device_id": "dev_nihao004_1", "timestamp": 1773838842623, "page": "product_1048", "extra_data": {"product_id": 1048, "price": 86}}
{"event_type": "purchase", "user_id": "nihao004", "device_id": "dev_nihao004_1", "timestamp": 1773838846193, "page": "checkout", "extra_data": {"products": [{"product_id": 1001, "price": 67, "quantity": 2}], "total_amount": 134}}
{"event_type": "app_launch", "user_id": "nihao", "device_id": "dev_nihao_6", "timestamp": 1773840847000, "page": "home", "extra_data": {"source": "direct"}}
{"event_type": "page_view", "user_id": "nihao", "device_id": "dev_nihao_6", "timestamp": 1773840847957, "page": "home", "extra_data": {}}
{"event_type": "page_view", "user_id": "nihao", "device_id": "dev_nihao_6", "timestamp": 1773840850000, "page": "product_1020", "extra_data": {"product_id": 1020, "price": 49}}
{"event_type": "click", "user_id": "nihao", "device_id": "dev_nihao_6", "timestamp": 1773840853315, "page": "product_1020", "extra_data": {"product_id": 1020, "element": "image"}}
{"event_type": "add_to_cart", "user_id": "nihao", "device_id": "dev_nihao_6", "timestamp": 1773840854491, "page": "product_1020", "extra_data": {"product_id": 1020, "price": 49, "quantity": 1}}
{"event_type": "page_view", "user_id": "nihao", "device_id": "dev_nihao_6", "timestamp": 1773840858178, "page": "product_1024", "extra_data": {"product_id": 1024, "price": 79}}
{"event_type": "page_view", "user_id": "nihao", "device_id": "dev_nihao_6", "timestamp": 1773840860253, "page": "product_1022", "extra_data": {"product_id": 1022, "price": 58}}
{"event_type": "page_view", "user_id": "nihao", "device_id": "dev_nihao_6", "timestamp": 1773840864454, "page": "product_1043", "extra_data": {"product_id": 1043, "price": 22}}
{"event_type": "click", "user_id": "nihao", "device_id": "dev_nihao_6", "timestamp": 1773840867278, "page": "product_1043", "extra_data": {"product_id": 1043, "element": "image"}}
{"event_type": "app_launch", "user_id": "nihao004", "device_id": "dev_nihao004_4", "timestamp": 1773884761000, "page": "home", "extra_data": {"source": "direct"}}
{"event_type": "page_view", "user_id": "nihao004", "device_id": "dev_nihao004_4", "timestamp": 1773884762995, "page": "home", "extra_data": {}}
{"event_type": "page_view", "user_id": "nihao004", "device_id": "dev_nihao004_4", "timestamp": 1773884764000, "page": "product_1020", "extra_data": {"product_id": 1020, "price": 49}}
{"event_type": "page_view", "user_id": "nihao004", "device_id": "dev_nihao004_4", "timestamp": 1773884766943, "page": "product_1010", "extra_data": {"product_id": 1010, "price": 18}}
{"event_type": "app_launch", "user_id": "test005", "device_id": "dev_test005_9", "timestamp": 1773891590000, "page": "home", "extra_data": {"source": "direct"}}
{"event_type": "page_view", "user_id": "test005", "device_id": "dev_test005_9", "timestamp": 1773891591909, "page": "home", "extra_data": {}}
{"event_type": "page_view", "user_id": "test005", "device_id": "dev_test005_9", "timestamp": 1773891593000, "page": "product_1044", "extra_data": {"product_id": 1044, "price": 17}}
{"event_type": "click", "user_id": "test005", "device_id": "dev_test005_9", "timestamp": 1773891595121, "page": "product_1044", "extra_data": {"product_id": 1044, "element": "image"}}
{"event_type": "add_to_cart", "user_id": "test005", "device_id": "dev_test005_9", "timestamp": 1773891597358, "page": "product_1044", "extra_data": {"product_id": 1044, "price": 17, "quantity": 1}}
{"event_type": "page_view", "user_id": "test005", "device_id": "dev_test005_9", "timestamp": 1773891599823, "page": "product_1008", "extra_data": {"product_id": 1008, "price": 23}}
{"event_type": "click", "user_id": "test005", "device_id": "dev_test005_9", "timestamp": 1773891603047, "page": "product_1008", "extra_data": {"product_id": 1008, "element": "image"}}
{"event_type": "page_view", "user_id": "test005", "device_id": "dev_test005_9", "timestamp": 1773891604250, "page": "product_1004", "extra_data": {"product_id": 1004, "price": 34}}
{"event_type": "add_to_cart", "user_id": "test005", "device_id": "dev_test005_9", "timestamp": 1773891606615, "page": "product_1004", "extra_data": {"product_id": 1004, "price": 34, "quantity": 2}}
{"event_type": "purchase", "user_id": "test005", "device_id": "dev_test005_9", "timestamp": 1773891609049, "page": "checkout", "extra_data": {"products": [{"product_id": 1004, "price": 34, "quantity": 2}, {"product_id": 1044, "price": 17, "quantity": 1}], "total_amount": 85}}
{"event_type": "app_launch", "user_id": "nihao003", "device_id": "dev_nihao003_11", "timestamp": 1773896964000, "page": "home", "extra_data": {"source": "direct"}}
{"event_type": "page_view", "user_id": "nihao003", "device_id": "dev_nihao003_11", "timestamp": 1773896965178, "page": "home", "extra_data": {}}
{"event_type": "page_view", "user_id": "nihao003", "device_id": "dev_nihao003_11", "timestamp": 1773896967000, "page": "product_1040", "extra_data": {"product_id": 1040, "price": 11}}
{"event_type": "click", "user_id": "nihao003", "device_id": "dev_nihao003_11", "timestamp": 1773896970363, "page": "product_1040", "extra_data": {"product_id": 1040, "element": "image"}}
{"event_type": "add_to_cart", "user_id": "nihao003", "device_id": "dev_nihao003_11", "timestamp": 1773896972066, "page": "product_1040", "extra_data": {"product_id": 1040, "price": 11, "quantity": 3}}
{"event_type": "page_view", "user_id": "nihao003", "device_id": "dev_nihao003_11", "timestamp": 1773896975202, "page": "product_1023", "extra_data": {"product_id": 1023, "price": 96}}
{"event_type": "page_view", "user_id": "nihao003", "device_id": "dev_nihao003_11", "timestamp": 1773896978635, "page": "product_1036", "extra_data": {"product_id": 1036, "price": 11}}
{"event_type": "click", "user_id": "nihao003", "device_id": "dev_nihao003_11", "timestamp": 1773896982902, "page": "product_1036", "extra_data": {"product_id": 1036, "element": "image"}}
{"event_type": "page_view", "user_id": "nihao003", "device_id": "dev_nihao003_11", "timestamp": 1773896984790, "page": "product_1042", "extra_data": {"product_id": 1042, "price": 33}}
{"event_type": "page_view", "user_id": "nihao003", "device_id": "dev_nihao003_11", "timestamp": 1773896986879, "page": "product_1041", "extra_data": {"product_id": 1041, "price": 97}}
{"event_type": "click", "user_id": "nihao003", "device_id": "dev_nihao003_11", "timestamp": 1773896989492, "page": "product_1041", "extra_data": {"product_id": 1041, "element": "image"}}
{"event_type": "app_launch", "user_id": "nihao005", "device_id": "dev_nihao005_7", "timestamp": 1773914217000, "page": "home", "extra_data": {"source": "direct"}}
{"event_type": "page_view", "user_id": "nihao005", "device_id": "dev_nihao005_7", "timestamp": 1773914218447, "page": "home", "extra_data": {}}
{"event_type": "page_view", "user_id": "nihao005", "device_id": "dev_nihao005_7", "timestamp": 1773914220000, "page": "product_1045", "extra_data": {"product_id": 1045, "price": 15}}
{"event_type": "click", "user_id": "nihao005", "device_id": "dev_nihao005_7", "timestamp": 1773914222737, "page": "product_1045", "extra_data": {"product_id": 1045, "element": "image"}}
{"event_type": "add_to_cart", "user_id": "nihao005", "device_id": "dev_nihao005_7", "timestamp": 1773914224884, "page": "product_1045", "extra_data": {"product_id": 1045, "price": 15, "quantity": 3}}
{"event_type": "page_view", "user_id": "nihao005", "device_id": "dev_nihao005_7", "timestamp": 1773914228408, "page": "product_1005", "extra_data": {"product_id": 1005, "price": 29}}
{"event_type": "click", "user_id": "nihao005", "device_id": "dev_nihao005_7", "timestamp": 1773914231485, "page": "product_1005", "extra_data": {"product_id": 1005, "element": "image"}}
{"event_type": "add_to_cart", "user_id": "nihao005", "device_id": "dev_nihao005_7", "timestamp": 1773914233607, "page": "product_1005", "extra_data": {"product_id": 1005, "price": 29, "quantity": 2}}
{"event_type": "page_view", "user_id": "nihao005", "device_id": "dev_nihao005_7", "timestamp": 1773914235959, "page": "product_1025", "extra_data": {"product_id": 1025, "price": 93}}
{"event_type": "add_to_cart", "user_id": "nihao005", "device_id": "dev_nihao005_7", "timestamp": 1773914239533, "page": "product_1025", "extra_data": {"product_id": 1025, "price": 93, "quantity": 1}}
{"event_type": "page_view", "user_id": "nihao005", "device_id": "dev_nihao005_7", "timestamp": 1773914242244, "page": "product_1015", "extra_data": {"product_id": 1015, "price": 97}}
{"event_type": "page_view", "user_id": "nihao005", "device_id": "dev_nihao005_7", "timestamp": 1773914245912, "page": "product_1041", "extra_data": {"product_id": 1041, "price": 97}}
{"event_type": "click", "user_id": "nihao005", "device_id": "dev_nihao005_7", "timestamp": 1773914249752, "page": "product_1041", "extra_data": {"product_id": 1041, "element": "image"}}
{"event_type": "add_to_cart", "user_id": "nihao005", "device_id": "dev_nihao005_7", "timestamp": 1773914251881, "page": "product_1041", "extra_data": {"product_id": 1041, "price": 97, "quantity": 3}}
{"event_type": "page_view", "user_id": "nihao005", "device_id": "dev_nihao005_7", "timestamp": 1773914255000, "page": "product_1035", "extra_data": {"product_id": 1035, "price": 100}}
{"event_type": "purchase", "user_id": "nihao005", "device_id": "dev_nihao005_7", "timestamp": 1773914258867, "page": "checkout", "extra_data": {"products": [{"product_id": 1005, "price": 29, "quantity": 2}, {"product_id": 1045, "price": 15, "quantity": 3}, {"product_id": 1025, "price": 93, "quantity": 1}], "total_amount": 196}}
{"event_type": "app_launch", "user_id": "renwei", "device_id": "dev_renwei_3", "timestamp": 1773916864000, "page": "home", "extra_data": {"source": "direct"}}
{"event_type": "page_view", "user_id": "renwei", "device_id": "dev_renwei_3", "timestamp": 1773916865012, "page": "home", "extra_data": {}}
{"event_type": "page_view", "user_id": "renwei", "device_id": "dev_renwei_3", "timestamp": 1773916867000, "page": "product_1014", "extra_data": {"product_id": 1014, "price": 89}}
{"event_type": "page_view", "user_id": "renwei", "device_id": "dev_renwei_3", "timestamp": 1773916869755, "page": "product_1055", "extra_data": {"product_id": 1055, "price": 46}}
{"event_type": "page_view", "user_id": "renwei", "device_id": "dev_renwei_3", "timestamp": 1773916873480, "page": "product_1011", "extra_data": {"product_id": 1011, "price": 58}}
{"event_type": "add_to_cart", "user_id": "renwei", "device_id": "dev_renwei_3", "timestamp": 1773916876280, "page": "product_1011", "extra_data": {"product_id": 1011, "price": 58, "quantity": 3}}
{"event_type": "page_view", "user_id": "renwei", "device_id": "dev_renwei_3", "timestamp": 1773916879408, "page": "product_1013", "extra_data": {"product_id": 1013, "price": 75}}
{"event_type": "click", "user_id": "renwei", "device_id": "dev_renwei_3", "timestamp": 1773916882980, "page": "product_1013", "extra_data": {"product_id": 1013, "element": "image"}}
{"event_type": "app_launch", "user_id": "nihao003", "device_id": "dev_nihao003_10", "timestamp": 1773917320000, "page": "home", "extra_data": {"source": "direct"}}
{"event_type": "page_view", "user_id": "nihao003", "device_id": "dev_nihao003_10", "timestamp": 1773917320874, "page": "home", "extra_data": {}}
{"event_type": "page_view", "user_id": "nihao003", "device_id": "dev_nihao003_10", "timestamp": 1773917323000, "page": "product_1044", "extra_data": {"product_id": 1044, "price": 17}}
{"event_type": "click", "user_id": "nihao003", "device_id": "dev_nihao003_10", "timestamp": 1773917327079, "page": "product_1044", "extra_data": {"product_id": 1044, "element": "image"}}
{"event_type": "add_to_cart", "user_id": "nihao003", "device_id": "dev_nihao003_10", "timestamp": 1773917329277, "page": "product_1044", "extra_data": {"product_id": 1044, "price": 17, "quantity": 2}}
{"event_type": "page_view", "user_id": "nihao003", "device_id": "dev_nihao003_10", "timestamp": 1773917332557, "page": "product_1042", "extra_data": {"product_id": 1042, "price": 33}}
{"event_type": "click", "user_id": "nihao003", "device_id": "dev_nihao003_10", "timestamp": 1773917335213, "page": "product_1042", "extra_data": {"product_id": 1042, "element": "image"}}
{"event_type": "add_to_cart", "user_id": "nihao003", "device_id": "dev_nihao003_10", "timestamp": 1773917337007, "page": "product_1042", "extra_data": {"product_id": 1042, "price": 33, "quantity": 2}}
{"event_type": "app_launch", "user_id": "nihao002", "device_id": "dev_nihao002_0", "timestamp": 1773921390000, "page": "home", "extra_data": {"source": "direct"}}
{"event_type": "page_view", "user_id": "nihao002", "device_id": "dev_nihao002_0", "timestamp": 1773921391869, "page": "home", "extra_data": {}}
{"event_type": "page_view", "user_id": "nihao002", "device_id": "dev_nihao002_0", "timestamp": 1773921393000, "page": "product_1034", "extra_data": {"product_id": 1034, "price": 73}}
{"event_type": "page_view", "user_id": "nihao002", "device_id": "dev_nihao002_0", "timestamp": 1773921396063, "page": "product_1031", "extra_data": {"product_id": 1031, "price": 27}}
{"event_type": "click", "user_id": "nihao002", "device_id": "dev_nihao002_0", "timestamp": 1773921398528, "page": "product_1031", "extra_data": {"product_id": 1031, "element": "image"}}
{"event_type": "page_view", "user_id": "nihao002", "device_id": "dev_nihao002_0", "timestamp": 1773921400050, "page": "product_1033", "extra_data": {"product_id": 1033, "price": 35}}
{"event_type": "click", "user_id": "nihao002", "device_id": "dev_nihao002_0", "timestamp": 1773921402360, "page": "product_1033", "extra_data": {"product_id": 1033, "element": "image"}}
{"event_type": "page_view", "user_id": "nihao002", "device_id": "dev_nihao002_0", "timestamp": 1773921403854, "page": "product_1019", "extra_data": {"product_id": 1019, "price": 56}}
{"event_type": "click", "user_id": "nihao002", "device_id": "dev_nihao002_0", "timestamp": 1773921406660, "page": "product_1019", "extra_data": {"product_id": 1019, "element": "image"}}
{"event_type": "app_launch", "user_id": "nihao", "device_id": "dev_nihao_14", "timestamp": 1773925917000, "page": "home", "extra_data": {"source": "direct"}}
{"event_type": "page_view", "user_id": "nihao", "device_id": "dev_nihao_14", "timestamp": 1773925918738, "page": "home", "extra_data": {}}
{"event_type": "page_view", "user_id": "nihao", "device_id": "dev_nihao_14", "timestamp": 1773925920000, "page": "product_1023", "extra_data": {"product_id": 1023, "price": 96}}
{"event_type": "click", "user_id": "nihao", "device_id": "dev_nihao_14", "timestamp": 1773925922317, "page": "product_1023", "extra_data": {"product_id": 1023, "element": "image"}}
{"event_type": "page_view", "user_id": "nihao", "device_id": "dev_nihao_14", "timestamp": 1773925923437, "page": "product_1031", "extra_data": {"product_id": 1031, "price": 27}}
{"event_type": "add_to_cart", "user_id": "nihao", "device_id": "dev_nihao_14", "timestamp": 1773925928309, "page": "product_1031", "extra_data": {"product_id": 1031, "price": 27, "quantity": 3}}
{"event_type": "page_view", "user_id": "nihao", "device_id": "dev_nihao_14", "timestamp": 1773925931445, "page": "product_1020", "extra_data": {"product_id": 1020, "price": 49}}
{"event_type": "app_launch", "user_id": "nihao", "device_id": "dev_nihao_1", "timestamp": 1773930053000, "page": "home", "extra_data": {"source": "direct"}}
{"event_type": "page_view", "user_id": "nihao", "device_id": "dev_nihao_1", "timestamp": 1773930054943, "page": "home", "extra_data": {}}
{"event_type": "page_view", "user_id": "nihao", "device_id": "dev_nihao_1", "timestamp": 1773930056000, "page": "product_1022", "extra_data": {"product_id": 1022, "price": 58}}
{"event_type": "add_to_cart", "user_id": "nihao", "device_id": "dev_nihao_1", "timestamp": 1773930059015, "page": "product_1022", "extra_data": {"product_id": 1022, "price": 58, "quantity": 3}}
{"event_type": "page_view", "user_id": "nihao", "device_id": "dev_nihao_1", "timestamp": 1773930061882, "page": "product_1023", "extra_data": {"product_id": 1023, "price": 96}}
{"event_type": "page_view", "user_id": "nihao", "device_id": "dev_nihao_1", "timestamp": 1773930066202, "page": "product_1020", "extra_data": {"product_id": 1020, "price": 49}}
{"event_type": "click", "user_id": "nihao", "device_id": "dev_nihao_1", "timestamp": 1773930069878, "page": "product_1020", "extra_data": {"product_id": 1020, "element": "image"}}
{"event_type": "add_to_cart", "user_id": "nihao", "device_id": "dev_nihao_1", "timestamp": 1773930072619, "page": "product_1020", "extra_data": {"product_id": 1020, "price": 49, "quantity": 2}}
{"event_type": "page_view", "user_id": "nihao", "device_id": "dev_nihao_1", "timestamp": 1773930074660, "page": "product_1024", "extra_data": {"product_id": 1024, "price": 79}}
{"event_type": "click", "user_id": "nihao", "device_id": "dev_nihao_1", "timestamp": 1773930078506, "page": "product_1024", "extra_data": {"product_id": 1024, "element": "image"}}
{"event_type": "add_to_cart", "user_id": "nihao", "device_id": "dev_nihao_1", "timestamp": 1773930079654, "page": "product_1024", "extra_data": {"product_id": 1024, "price": 79, "quantity": 2}}
{"event_type": "page_view", "user_id": "nihao", "device_id": "dev_nihao_1", "timestamp": 1773930083621, "page": "product_1021", "extra_data": {"product_id": 1021, "price": 89}}
{"event_type": "click", "user_id": "nihao", "device_id": "dev_nihao_1", "timestamp": 1773930088526, "page": "product_1021", "extra_data": {"product_id": 1021, "element": "image"}}
{"event_type": "add_to_cart", "user_id": "nihao", "device_id": "dev_nihao_1", "timestamp": 1773930090966, "page": "product_1021", "extra_data": {"product_id": 1021, "price": 89, "quantity": 1}}
{"event_type": "app_launch", "user_id": "nihao", "device_id": "dev_nihao_3", "timestamp": 1773965918000, "page": "home", "extra_data": {"source": "direct"}}
{"event_type": "page_view", "user_id": "nihao", "device_id": "dev_nihao_3", "timestamp": 1773965919264, "page": "home", "extra_data": {}}
{"event_type": "page_view", "user_id": "nihao", "device_id": "dev_nihao_3", "timestamp": 1773965921000, "page": "product_1020", "extra_data": {"product_id": 1020, "price": 49}}
{"event_type": "click", "user_id": "nihao", "device_id": "dev_nihao_3", "timestamp": 1773965925808, "page": "product_1020", "extra_data": {"product_id": 1020, "element": "image"}}
{"event_type": "page_view", "user_id": "nihao", "device_id": "dev_nihao_3", "timestamp": 1773965927362, "page": "product_1057", "extra_data": {"product_id": 1057, "price": 24}}
{"event_type": "page_view", "user_id": "nihao", "device_id": "dev_nihao_3", "timestamp": 1773965929974, "page": "product_1008", "extra_data": {"product_id": 1008, "price": 23}}
{"event_type": "click", "user_id": "nihao", "device_id": "dev_nihao_3", "timestamp": 1773965934765, "page": "product_1008", "extra_data": {"product_id": 1008, "element": "image"}}
{"event_type": "add_to_cart", "user_id": "nihao", "device_id": "dev_nihao_3", "timestamp": 1773965937280, "page": "product_1008", "extra_data": {"product_id": 1008, "price": 23, "quantity": 1}}
{"event_type": "page_view", "user_id": "nihao", "device_id": "dev_nihao_3", "timestamp": 1773965940567, "page": "product_1056", "extra_data": {"product_id": 1056, "price": 87}}
{"event_type": "page_view", "user_id": "nihao", "device_id": "dev_nihao_3", "timestamp": 1773965945441, "page": "product_1024", "extra_data": {"product_id": 1024, "price": 79}}
{"event_type": "click", "user_id": "nihao", "device_id": "dev_nihao_3", "timestamp": 1773965947687, "page": "product_1024", "extra_data": {"product_id": 1024, "element": "image"}}
{"event_type": "app_launch", "user_id": "test005", "device_id": "dev_test005_21", "timestamp": 1773981381000, "page": "home", "extra_data": {"source": "direct"}}
{"event_type": "page_view", "user_id": "test005", "device_id": "dev_test005_21", "timestamp": 1773981381965, "page": "home", "extra_data": {}}
{"event_type": "page_view", "user_id": "test005", "device_id": "dev_test005_21", "timestamp": 1773981384000, "page": "product_1002", "extra_data": {"product_id": 1002, "price": 18}}
{"event_type": "click", "user_id": "test005", "device_id": "dev_test005_21", "timestamp": 1773981386616, "page": "product_1002", "extra_data": {"product_id": 1002, "element": "image"}}
{"event_type": "page_view", "user_id": "test005", "device_id": "dev_test005_21", "timestamp": 1773981388821, "page": "product_1010", "extra_data": {"product_id": 1010, "price": 18}}
{"event_type": "click", "user_id": "test005", "device_id": "dev_test005_21", "timestamp": 1773981390972, "page": "product_1010", "extra_data": {"product_id": 1010, "element": "image"}}
{"event_type": "add_to_cart", "user_id": "test005", "device_id": "dev_test005_21", "timestamp": 1773981392949, "page": "product_1010", "extra_data": {"product_id": 1010, "price": 18, "quantity": 1}}
{"event_type": "page_view", "user_id": "test005", "device_id": "dev_test005_21", "timestamp": 1773981395044, "page": "product_1050", "extra_data": {"product_id": 1050, "price": 42}}
{"event_type": "page_view", "user_id": "test005", "device_id": "dev_test005_21", "timestamp": 1773981398530, "page": "product_1055", "extra_data": {"product_id": 1055, "price": 46}}
{"event_type": "click", "user_id": "test005", "device_id": "dev_test005_21", "timestamp": 1773981401950, "page": "product_1055", "extra_data": {"product_id": 1055, "element": "image"}}
{"event_type": "page_view", "user_id": "test005", "device_id": "dev_test005_21", "timestamp": 1773981403436, "page": "product_1006", "extra_data": {"product_id": 1006, "price": 33}}
{"event_type": "click", "user_id": "test005", "device_id": "dev_test005_21", "timestamp": 1773981407796, "page": "product_1006", "extra_data": {"product_id": 1006, "element": "image"}}
{"event_type": "add_to_cart", "user_id": "test005", "device_id": "dev_test005_21", "timestamp": 1773981410537, "page": "product_1006", "extra_data": {"product_id": 1006, "price": 33, "quantity": 1}}
{"event_type": "app_launch", "user_id": "nihao005", "device_id": "dev_nihao005_22", "timestamp": 1773986952000, "page": "home", "extra_data": {"source": "direct"}}
{"event_type": "page_view", "user_id": "nihao005", "device_id": "dev_nihao005_22", "timestamp": 1773986953469, "page": "home", "extra_data": {}}
{"event_type": "page_view", "user_id": "nihao005", "device_id": "dev_nihao005_22", "timestamp": 1773986955000, "page": "product_1027", "extra_data": {"product_id": 1027, "price": 92}}
{"event_type": "click", "user_id": "nihao005", "device_id": "dev_nihao005_22", "timestamp": 1773986959988, "page": "product_1027", "extra_data": {"product_id": 1027, "element": "image"}}
{"event_type": "page_view", "user_id": "nihao005", "device_id": "dev_nihao005_22", "timestamp": 1773986962846, "page": "product_1015", "extra_data": {"product_id": 1015, "price": 97}}
{"event_type": "click", "user_id": "nihao005", "device_id": "dev_nihao005_22", "timestamp": 1773986965488, "page": "product_1015", "extra_data": {"product_id": 1015, "element": "image"}}
{"event_type": "page_view", "user_id": "nihao005", "device_id": "dev_nihao005_22", "timestamp": 1773986967638, "page": "product_1045", "extra_data": {"product_id": 1045, "price": 15}}
{"event_type": "click", "user_id": "nihao005", "device_id": "dev_nihao005_22", "timestamp": 1773986970291, "page": "product_1045", "extra_data": {"product_id": 1045, "element": "image"}}
{"event_type": "add_to_cart", "user_id": "nihao005", "device_id": "dev_nihao005_22", "timestamp": 1773986972542, "page": "product_1045", "extra_data": {"product_id": 1045, "price": 15, "quantity": 3}}
{"event_type": "page_view", "user_id": "nihao005", "device_id": "dev_nihao005_22", "timestamp": 1773986975721, "page": "product_1010", "extra_data": {"product_id": 1010, "price": 18}}
{"event_type": "click", "user_id": "nihao005", "device_id": "dev_nihao005_22", "timestamp": 1773986978549, "page": "product_1010", "extra_data": {"product_id": 1010, "element": "image"}}
{"event_type": "app_launch", "user_id": "admin", "device_id": "dev_admin_4", "timestamp": 1773999069000, "page": "home", "extra_data": {"source": "direct"}}
{"event_type": "page_view", "user_id": "admin", "device_id": "dev_admin_4", "timestamp": 1773999069895, "page": "home", "extra_data": {}}
{"event_type": "page_view", "user_id": "admin", "device_id": "dev_admin_4", "timestamp": 1773999072000, "page": "product_1052", "extra_data": {"product_id": 1052, "price": 15}}
{"event_type": "click", "user_id": "admin", "device_id": "dev_admin_4", "timestamp": 1773999076729, "page": "product_1052", "extra_data": {"product_id": 1052, "element": "image"}}
{"event_type": "add_to_cart", "user_id": "admin", "device_id": "dev_admin_4", "timestamp": 1773999079469, "page": "product_1052", "extra_data": {"product_id": 1052, "price": 15, "quantity": 1}}
{"event_type": "page_view", "user_id": "admin", "device_id": "dev_admin_4", "timestamp": 1773999082691, "page": "product_1054", "extra_data": {"product_id": 1054, "price": 93}}
{"event_type": "page_view", "user_id": "admin", "device_id": "dev_admin_4", "timestamp": 1773999085760, "page": "product_1028", "extra_data": {"product_id": 1028, "price": 21}}
{"event_type": "click", "user_id": "admin", "device_id": "dev_admin_4", "timestamp": 1773999090056, "page": "product_1028", "extra_data": {"product_id": 1028, "element": "image"}}
{"event_type": "add_to_cart", "user_id": "admin", "device_id": "dev_admin_4", "timestamp": 1773999091328, "page": "product_1028", "extra_data": {"product_id": 1028, "price": 21, "quantity": 1}}
{"event_type": "page_view", "user_id": "admin", "device_id": "dev_admin_4", "timestamp": 1773999094772, "page": "product_1053", "extra_data": {"product_id": 1053, "price": 11}}
{"event_type": "click", "user_id": "admin", "device_id": "dev_admin_4", "timestamp": 1773999098193, "page": "product_1053", "extra_data": {"product_id": 1053, "element": "image"}}
{"event_type": "page_view", "user_id": "admin", "device_id": "dev_admin_4", "timestamp": 1773999099563, "page": "product_1051", "extra_data": {"product_id": 1051, "price": 100}}
{"event_type": "add_to_cart", "user_id": "admin", "device_id": "dev_admin_4", "timestamp": 1773999103855, "page": "product_1051", "extra_data": {"product_id": 1051, "price": 100, "quantity": 2}}
{"event_type": "page_view", "user_id": "admin", "device_id": "dev_admin_4", "timestamp": 1773999106637, "page": "product_1049", "extra_data": {"product_id": 1049, "price": 62}}
{"event_type": "purchase", "user_id": "admin", "device_id": "dev_admin_4", "timestamp": 1773999110536, "page": "checkout", "extra_data": {"products": [{"product_id": 1052, "price": 15, "quantity": 1}, {"product_id": 1028, "price": 21, "quantity": 1}], "total_amount": 36}}
{"event_type": "app_launch", "user_id": "renwei", "device_id": "dev_renwei_21", "timestamp": 1774016000000, "page": "home", "extra_data": {"source": "direct"}}
{"event_type": "page_view", "user_id": "renwei", "device_id": "dev_renwei_21", "timestamp": 1774016001268, "page": "home", "extra_data": {}}
{"event_type": "page_view", "user_id": "renwei", "device_id": "dev_renwei_21", "timestamp": 1774016003000, "page": "product_1012", "extra_data": {"product_id": 1012, "price": 26}}
{"event_type": "add_to_cart", "user_id": "renwei", "device_id": "dev_renwei_21", "timestamp": 1774016006124, "page": "product_1012", "extra_data": {"product_id": 1012, "price": 26, "quantity": 3}}
{"event_type": "page_view", "user_id": "renwei", "device_id": "dev_renwei_21", "timestamp": 1774016009893, "page": "product_1011", "extra_data": {"product_id": 1011, "price": 58}}
{"event_type": "add_to_cart", "user_id": "renwei", "device_id": "dev_renwei_21", "timestamp": 1774016014351, "page": "product_1011", "extra_data": {"product_id": 1011, "price": 58, "quantity": 1}}
{"event_type": "page_view", "user_id": "renwei", "device_id": "dev_renwei_21", "timestamp": 1774016016728, "page": "product_1013", "extra_data": {"product_id": 1013, "price": 75}}
{"event_type": "add_to_cart", "user_id": "renwei", "device_id": "dev_renwei_21", "timestamp": 1774016019792, "page": "product_1013", "extra_data": {"product_id": 1013, "price": 75, "quantity": 1}}
{"event_type": "purchase", "user_id": "renwei", "device_id": "dev_renwei_21", "timestamp": 1774016022746, "page": "checkout", "extra_data": {"products": [{"product_id": 1011, "price": 58, "quantity": 1}, {"product_id": 1013, "price": 75, "quantity": 1}, {"product_id": 1012, "price": 26, "quantity": 3}], "total_amount": 211}}
{"event_type": "app_launch", "user_id": "nihao004", "device_id": "dev_nihao004_11", "timestamp": 1774073970000, "page": "home", "extra_data": {"source": "direct"}}
{"event_type": "page_view", "user_id": "nihao004", "device_id": "dev_nihao004_11", "timestamp": 1774073971108, "page": "home", "extra_data": {}}
{"event_type": "page_view", "user_id": "nihao004", "device_id": "dev_nihao004_11", "timestamp": 1774073973000, "page": "product_1040", "extra_data": {"product_id": 1040, "price": 11}}
{"event_type": "click", "user_id": "nihao004", "device_id": "dev_nihao004_11", "timestamp": 1774073977944, "page": "product_1040", "extra_data": {"product_id": 1040, "element": "image"}}
{"event_type": "add_to_cart", "user_id": "nihao004", "device_id": "dev_nihao004_11", "timestamp": 1774073979840, "page": "product_1040", "extra_data": {"product_id": 1040, "price": 11, "quantity": 2}}
{"event_type": "page_view", "user_id": "nihao004", "device_id": "dev_nihao004_11", "timestamp": 1774073982796, "page": "product_1001", "extra_data": {"product_id": 1001, "price": 67}}
{"event_type": "page_view", "user_id": "nihao004", "device_id": "dev_nihao004_11", "timestamp": 1774073985613, "page": "product_1030", "extra_data": {"product_id": 1030, "price": 17}}
{"event_type": "add_to_cart", "user_id": "nihao004", "device_id": "dev_nihao004_11", "timestamp": 1774073989369, "page": "product_1030", "extra_data": {"product_id": 1030, "price": 17, "quantity": 2}}
{"event_type": "page_view", "user_id": "nihao004", "device_id": "dev_nihao004_11", "timestamp": 1774073993071, "page": "product_1020", "extra_data": {"product_id": 1020, "price": 49}}
{"event_type": "add_to_cart", "user_id": "nihao004", "device_id": "dev_nihao004_11", "timestamp": 1774073996800, "page": "product_1020", "extra_data": {"product_id": 1020, "price": 49, "quantity": 3}}
{"event_type": "app_launch", "user_id": "nihao", "device_id": "dev_nihao_17", "timestamp": 1774081738000, "page": "home", "extra_data": {"source": "direct"}}
{"event_type": "page_view", "user_id": "nihao", "device_id": "dev_nihao_17", "timestamp": 1774081739642, "page": "home", "extra_data": {}}
{"event_type": "page_view", "user_id": "nihao", "device_id": "dev_nihao_17", "timestamp": 1774081741000, "page": "product_1020", "extra_data": {"product_id": 1020, "price": 49}}
{"event_type": "page_view", "user_id": "nihao", "device_id": "dev_nihao_17", "timestamp": 1774081743658, "page": "product_1021", "extra_data": {"product_id": 1021, "price": 89}}
{"event_type": "page_view", "user_id": "nihao", "device_id": "dev_nihao_17", "timestamp": 1774081748420, "page": "product_1023", "extra_data": {"product_id": 1023, "price": 96}}
{"event_type": "add_to_cart", "user_id": "nihao", "device_id": "dev_nihao_17", "timestamp": 1774081750672, "page": "product_1023", "extra_data": {"product_id": 1023, "price": 96, "quantity": 3}}
{"event_type": "app_launch", "user_id": "nihao005", "device_id": "dev_nihao005_2", "timestamp": 1774086270000, "page": "home", "extra_data": {"source": "direct"}}
{"event_type": "page_view", "user_id": "nihao005", "device_id": "dev_nihao005_2", "timestamp": 1774086271097, "page": "home", "extra_data": {}}
{"event_type": "page_view", "user_id": "nihao005", "device_id": "dev_nihao005_2", "timestamp": 1774086273000, "page": "product_1005", "extra_data": {"product_id": 1005, "price": 29}}
{"event_type": "add_to_cart", "user_id": "nihao005", "device_id": "dev_nihao005_2", "timestamp": 1774086277866, "page": "product_1005", "extra_data": {"product_id": 1005, "price": 29, "quantity": 1}}
{"event_type": "page_view", "user_id": "nihao005", "device_id": "dev_nihao005_2", "timestamp": 1774086280560, "page": "product_1045", "extra_data": {"product_id": 1045, "price": 15}}
{"event_type": "page_view", "user_id": "nihao005", "device_id": "dev_nihao005_2", "timestamp": 1774086285049, "page": "product_1015", "extra_data": {"product_id": 1015, "price": 97}}
{"event_type": "page_view", "user_id": "nihao005", "device_id": "dev_nihao005_2", "timestamp": 1774086288724, "page": "product_1020", "extra_data": {"product_id": 1020, "price": 49}}
{"event_type": "click", "user_id": "nihao005", "device_id": "dev_nihao005_2", "timestamp": 1774086291850, "page": "product_1020", "extra_data": {"product_id": 1020, "element": "image"}}
{"event_type": "app_launch", "user_id": "admin", "device_id": "dev_admin_10", "timestamp": 1774095252000, "page": "home", "extra_data": {"source": "direct"}}
{"event_type": "page_view", "user_id": "admin", "device_id": "dev_admin_10", "timestamp": 1774095253553, "page": "home", "extra_data": {}}
{"event_type": "page_view", "user_id": "admin", "device_id": "dev_admin_10", "timestamp": 1774095255000, "page": "product_1050", "extra_data": {"product_id": 1050, "price": 42}}
{"event_type": "page_view", "user_id": "admin", "device_id": "dev_admin_10", "timestamp": 1774095259234, "page": "product_1051", "extra_data": {"product_id": 1051, "price": 100}}
{"event_type": "click", "user_id": "admin", "device_id": "dev_admin_10", "timestamp": 1774095261976, "page": "product_1051", "extra_data": {"product_id": 1051, "element": "image"}}
{"event_type": "page_view", "user_id": "admin", "device_id": "dev_admin_10", "timestamp": 1774095264798, "page": "product_1052", "extra_data": {"product_id": 1052, "price": 15}}
{"event_type": "click", "user_id": "admin", "device_id": "dev_admin_10", "timestamp": 1774095269482, "page": "product_1052", "extra_data": {"product_id": 1052, "element": "image"}}
{"event_type": "add_to_cart", "user_id": "admin", "device_id": "dev_admin_10", "timestamp": 1774095271090, "page": "product_1052", "extra_data": {"product_id": 1052, "price": 15, "quantity": 3}}
{"event_type": "page_view", "user_id": "admin", "device_id": "dev_admin_10", "timestamp": 1774095274213, "page": "product_1037", "extra_data": {"product_id": 1037, "price": 22}}
{"event_type": "click", "user_id": "admin", "device_id": "dev_admin_10", "timestamp": 1774095276921, "page": "product_1037", "extra_data": {"product_id": 1037, "element": "image"}}
{"event_type": "add_to_cart", "user_id": "admin", "device_id": "dev_admin_10", "timestamp": 1774095278176, "page": "product_1037", "extra_data": {"product_id": 1037, "price": 22, "quantity": 2}}
{"event_type": "page_view", "user_id": "admin", "device_id": "dev_admin_10", "timestamp": 1774095280549, "page": "product_1054", "extra_data": {"product_id": 1054, "price": 93}}
{"event_type": "click", "user_id": "admin", "device_id": "dev_admin_10", "timestamp": 1774095284210, "page": "product_1054", "extra_data": {"product_id": 1054, "element": "image"}}
{"event_type": "page_view", "user_id": "admin", "device_id": "dev_admin_10", "timestamp": 1774095286559, "page": "product_1053", "extra_data": {"product_id": 1053, "price": 11}}
{"event_type": "click", "user_id": "admin", "device_id": "dev_admin_10", "timestamp": 1774095289753, "page": "product_1053", "extra_data": {"product_id": 1053, "element": "image"}}
{"event_type": "app_launch", "user_id": "nihao003", "device_id": "dev_nihao003_16", "timestamp": 1774099930000, "page": "home", "extra_data": {"source": "direct"}}
{"event_type": "page_view", "user_id": "nihao003", "device_id": "dev_nihao003_16", "timestamp": 1774099931105, "page": "home", "extra_data": {}}
{"event_type": "page_view", "user_id": "nihao003", "device_id": "dev_nihao003_16", "timestamp": 1774099933000, "page": "product_1024", "extra_data": {"product_id": 1024, "price": 79}}
{"event_type": "click", "user_id": "nihao003", "device_id": "dev_nihao003_16", "timestamp": 1774099936792, "page": "product_1024", "extra_data": {"product_id": 1024, "element": "image"}}
{"event_type": "page_view", "user_id": "nihao003", "device_id": "dev_nihao003_16", "timestamp": 1774099939319, "page": "product_1040", "extra_data": {"product_id": 1040, "price": 11}}
{"event_type": "click", "user_id": "nihao003", "device_id": "dev_nihao003_16", "timestamp": 1774099941477, "page": "product_1040", "extra_data": {"product_id": 1040, "element": "image"}}
{"event_type": "page_view", "user_id": "nihao003", "device_id": "dev_nihao003_16", "timestamp": 1774099944368, "page": "product_1041", "extra_data": {"product_id": 1041, "price": 97}}
{"event_type": "click", "user_id": "nihao003", "device_id": "dev_nihao003_16", "timestamp": 1774099948998, "page": "product_1041", "extra_data": {"product_id": 1041, "element": "image"}}
{"event_type": "add_to_cart", "user_id": "nihao003", "device_id": "dev_nihao003_16", "timestamp": 1774099950581, "page": "product_1041", "extra_data": {"product_id": 1041, "price": 97, "quantity": 1}}
{"event_type": "page_view", "user_id": "nihao003", "device_id": "dev_nihao003_16", "timestamp": 1774099953261, "page": "product_1043", "extra_data": {"product_id": 1043, "price": 22}}
{"event_type": "add_to_cart", "user_id": "nihao003", "device_id": "dev_nihao003_16", "timestamp": 1774099956884, "page": "product_1043", "extra_data": {"product_id": 1043, "price": 22, "quantity": 2}}
{"event_type": "app_launch", "user_id": "nihao002", "device_id": "dev_nihao002_19", "timestamp": 1774139383000, "page": "home", "extra_data": {"source": "direct"}}
{"event_type": "page_view", "user_id": "nihao002", "device_id": "dev_nihao002_19", "timestamp": 1774139383770, "page": "home", "extra_data": {}}
{"event_type": "page_view", "user_id": "nihao002", "device_id": "dev_nihao002_19", "timestamp": 1774139386000, "page": "product_1030", "extra_data": {"product_id": 1030, "price": 17}}
{"event_type": "click", "user_id": "nihao002", "device_id": "dev_nihao002_19", "timestamp": 1774139389989, "page": "product_1030", "extra_data": {"product_id": 1030, "element": "image"}}
{"event_type": "add_to_cart", "user_id": "nihao002", "device_id": "dev_nihao002_19", "timestamp": 1774139391502, "page": "product_1030", "extra_data": {"product_id": 1030, "price": 17, "quantity": 3}}
{"event_type": "page_view", "user_id": "nihao002", "device_id": "dev_nihao002_19", "timestamp": 1774139394129, "page": "product_1052", "extra_data": {"product_id": 1052, "price": 15}}
{"event_type": "click", "user_id": "nihao002", "device_id": "dev_nihao002_19", "timestamp": 1774139397713, "page": "product_1052", "extra_data": {"product_id": 1052, "element": "image"}}
{"event_type": "page_view", "user_id": "nihao002", "device_id": "dev_nihao002_19", "timestamp": 1774139400381, "page": "product_1034", "extra_data": {"product_id": 1034, "price": 73}}
{"event_type": "click", "user_id": "nihao002", "device_id": "dev_nihao002_19", "timestamp": 1774139404241, "page": "product_1034", "extra_data": {"product_id": 1034, "element": "image"}}
{"event_type": "app_launch", "user_id": "nihao005", "device_id": "dev_nihao005_18", "timestamp": 1774146256000, "page": "home", "extra_data": {"source": "direct"}}
{"event_type": "page_view", "user_id": "nihao005", "device_id": "dev_nihao005_18", "timestamp": 1774146257263, "page": "home", "extra_data": {}}
{"event_type": "page_view", "user_id": "nihao005", "device_id": "dev_nihao005_18", "timestamp": 1774146259000, "page": "product_1005", "extra_data": {"product_id": 1005, "price": 29}}
{"event_type": "click", "user_id": "nihao005", "device_id": "dev_nihao005_18", "timestamp": 1774146262568, "page": "product_1005", "extra_data": {"product_id": 1005, "element": "image"}}
{"event_type": "add_to_cart", "user_id": "nihao005", "device_id": "dev_nihao005_18", "timestamp": 1774146265554, "page": "product_1005", "extra_data": {"product_id": 1005, "price": 29, "quantity": 2}}
{"event_type": "page_view", "user_id": "nihao005", "device_id": "dev_nihao005_18", "timestamp": 1774146268067, "page": "product_1025", "extra_data": {"product_id": 1025, "price": 93}}
{"event_type": "add_to_cart", "user_id": "nihao005", "device_id": "dev_nihao005_18", "timestamp": 1774146271403, "page": "product_1025", "extra_data": {"product_id": 1025, "price": 93, "quantity": 3}}
{"event_type": "page_view", "user_id": "nihao005", "device_id": "dev_nihao005_18", "timestamp": 1774146274570, "page": "product_1035", "extra_data": {"product_id": 1035, "price": 100}}
{"event_type": "add_to_cart", "user_id": "nihao005", "device_id": "dev_nihao005_18", "timestamp": 1774146278441, "page": "product_1035", "extra_data": {"product_id": 1035, "price": 100, "quantity": 2}}
{"event_type": "app_launch", "user_id": "nihao005", "device_id": "dev_nihao005_27", "timestamp": 1774163727000, "page": "home", "extra_data": {"source": "direct"}}
{"event_type": "page_view", "user_id": "nihao005", "device_id": "dev_nihao005_27", "timestamp": 1774163727576, "page": "home", "extra_data": {}}
{"event_type": "page_view", "user_id": "nihao005", "device_id": "dev_nihao005_27", "timestamp": 1774163730000, "page": "product_1035", "extra_data": {"product_id": 1035, "price": 100}}
{"event_type": "page_view", "user_id": "nihao005", "device_id": "dev_nihao005_27", "timestamp": 1774163733983, "page": "product_1025", "extra_data": {"product_id": 1025, "price": 93}}
{"event_type": "click", "user_id": "nihao005", "device_id": "dev_nihao005_27", "timestamp": 1774163736689, "page": "product_1025", "extra_data": {"product_id": 1025, "element": "image"}}
{"event_type": "page_view", "user_id": "nihao005", "device_id": "dev_nihao005_27", "timestamp": 1774163738534, "page": "product_1030", "extra_data": {"product_id": 1030, "price": 17}}
{"event_type": "page_view", "user_id": "nihao005", "device_id": "dev_nihao005_27", "timestamp": 1774163743486, "page": "product_1005", "extra_data": {"product_id": 1005, "price": 29}}
{"event_type": "add_to_cart", "user_id": "nihao005", "device_id": "dev_nihao005_27", "timestamp": 1774163748099, "page": "product_1005", "extra_data": {"product_id": 1005, "price": 29, "quantity": 2}}
{"event_type": "purchase", "user_id": "nihao005", "device_id": "dev_nihao005_27", "timestamp": 1774163750767, "page": "checkout", "extra_data": {"products": [{"product_id": 1005, "price": 29, "quantity": 2}], "total_amount": 58}}
{"event_type": "app_launch", "user_id": "renwei", "device_id": "dev_renwei_20", "timestamp": 1774177176000, "page": "home", "extra_data": {"source": "direct"}}
{"event_type": "page_view", "user_id": "renwei", "device_id": "dev_renwei_20", "timestamp": 1774177176766, "page": "home", "extra_data": {}}
{"event_type": "page_view", "user_id": "renwei", "device_id": "dev_renwei_20", "timestamp": 1774177179000, "page": "product_1010", "extra_data": {"product_id": 1010, "price": 18}}
{"event_type": "click", "user_id": "renwei", "device_id": "dev_renwei_20", "timestamp": 1774177181322, "page": "product_1010", "extra_data": {"product_id": 1010, "element": "image"}}
{"event_type": "page_view", "user_id": "renwei", "device_id": "dev_renwei_20", "timestamp": 1774177183387, "page": "product_1011", "extra_data": {"product_id": 1011, "price": 58}}
{"event_type": "app_launch", "user_id": "nihao005", "device_id": "dev_nihao005_8", "timestamp": 1774178607000, "page": "home", "extra_data": {"source": "direct"}}
{"event_type": "page_view", "user_id": "nihao005", "device_id": "dev_nihao005_8", "timestamp": 1774178607957, "page": "home", "extra_data": {}}
{"event_type": "page_view", "user_id": "nihao005", "device_id": "dev_nihao005_8", "timestamp": 1774178610000, "page": "product_1052", "extra_data": {"product_id": 1052, "price": 15}}
{"event_type": "click", "user_id": "nihao005", "device_id": "dev_nihao005_8", "timestamp": 1774178612975, "page": "product_1052", "extra_data": {"product_id": 1052, "element": "image"}}
{"event_type": "add_to_cart", "user_id": "nihao005", "device_id": "dev_nihao005_8", "timestamp": 1774178614156, "page": "product_1052", "extra_data": {"product_id": 1052, "price": 15, "quantity": 3}}
{"event_type": "page_view", "user_id": "nihao005", "device_id": "dev_nihao005_8", "timestamp": 1774178616249, "page": "product_1005", "extra_data": {"product_id": 1005, "price": 29}}
{"event_type": "add_to_cart", "user_id": "nihao005", "device_id": "dev_nihao005_8", "timestamp": 1774178619378, "page": "product_1005", "extra_data": {"product_id": 1005, "price": 29, "quantity": 3}}
{"event_type": "page_view", "user_id": "nihao005", "device_id": "dev_nihao005_8", "timestamp": 1774178622813, "page": "product_1015", "extra_data": {"product_id": 1015, "price": 97}}
{"event_type": "click", "user_id": "nihao005", "device_id": "dev_nihao005_8", "timestamp": 1774178627344, "page": "product_1015", "extra_data": {"product_id": 1015, "element": "image"}}
{"event_type": "add_to_cart", "user_id": "nihao005", "device_id": "dev_nihao005_8", "timestamp": 1774178630022, "page": "product_1015", "extra_data": {"product_id": 1015, "price": 97, "quantity": 1}}
{"event_type": "page_view", "user_id": "nihao005", "device_id": "dev_nihao005_8", "timestamp": 1774178632492, "page": "product_1045", "extra_data": {"product_id": 1045, "price": 15}}
{"event_type": "add_to_cart", "user_id": "nihao005", "device_id": "dev_nihao005_8", "timestamp": 1774178636033, "page": "product_1045", "extra_data": {"product_id": 1045, "price": 15, "quantity": 3}}
{"event_type": "page_view", "user_id": "nihao005", "device_id": "dev_nihao005_8", "timestamp": 1774178639430, "page": "product_1003", "extra_data": {"product_id": 1003, "price": 23}}
{"event_type": "click", "user_id": "nihao005", "device_id": "dev_nihao005_8", "timestamp": 1774178641989, "page": "product_1003", "extra_data": {"product_id": 1003, "element": "image"}}
{"event_type": "page_view", "user_id": "nihao005", "device_id": "dev_nihao005_8", "timestamp": 1774178643482, "page": "product_1035", "extra_data": {"product_id": 1035, "price": 100}}
{"event_type": "click", "user_id": "nihao005", "device_id": "dev_nihao005_8", "timestamp": 1774178647740, "page": "product_1035", "extra_data": {"product_id": 1035, "element": "image"}}
{"event_type": "add_to_cart", "user_id": "nihao005", "device_id": "dev_nihao005_8", "timestamp": 1774178649890, "page": "product_1035", "extra_data": {"product_id": 1035, "price": 100, "quantity": 3}}
{"event_type": "app_launch", "user_id": "nihao002", "device_id": "dev_nihao002_1", "timestamp": 1774182175000, "page": "home", "extra_data": {"source": "direct"}}
{"event_type": "page_view", "user_id": "nihao002", "device_id": "dev_nihao002_1", "timestamp": 1774182176025, "page": "home", "extra_data": {}}
{"event_type": "page_view", "user_id": "nihao002", "device_id": "dev_nihao002_1", "timestamp": 1774182178000, "page": "product_1032", "extra_data": {"product_id": 1032, "price": 58}}
{"event_type": "add_to_cart", "user_id": "nihao002", "device_id": "dev_nihao002_1", "timestamp": 1774182182020, "page": "product_1032", "extra_data": {"product_id": 1032, "price": 58, "quantity": 1}}
{"event_type": "page_view", "user_id": "nihao002", "device_id": "dev_nihao002_1", "timestamp": 1774182185008, "page": "product_1033", "extra_data": {"product_id": 1033, "price": 35}}
{"event_type": "click", "user_id": "nihao002", "device_id": "dev_nihao002_1", "timestamp": 1774182188877, "page": "product_1033", "extra_data": {"product_id": 1033, "element": "image"}}
{"event_type": "page_view", "user_id": "nihao002", "device_id": "dev_nihao002_1", "timestamp": 1774182190785, "page": "product_1018", "extra_data": {"product_id": 1018, "price": 45}}
{"event_type": "add_to_cart", "user_id": "nihao002", "device_id": "dev_nihao002_1", "timestamp": 1774182193870, "page": "product_1018", "extra_data": {"product_id": 1018, "price": 45, "quantity": 3}}
{"event_type": "page_view", "user_id": "nihao002", "device_id": "dev_nihao002_1", "timestamp": 1774182196242, "page": "product_1048", "extra_data": {"product_id": 1048, "price": 86}}
{"event_type": "click", "user_id": "nihao002", "device_id": "dev_nihao002_1", "timestamp": 1774182199021, "page": "product_1048", "extra_data": {"product_id": 1048, "element": "image"}}
{"event_type": "add_to_cart", "user_id": "nihao002", "device_id": "dev_nihao002_1", "timestamp": 1774182200204, "page": "product_1048", "extra_data": {"product_id": 1048, "price": 86, "quantity": 2}}
{"event_type": "app_launch", "user_id": "nihao003", "device_id": "dev_nihao003_3", "timestamp": 1774228291000, "page": "home", "extra_data": {"source": "direct"}}
{"event_type": "page_view", "user_id": "nihao003", "device_id": "dev_nihao003_3", "timestamp": 1774228291820, "page": "home", "extra_data": {}}
{"event_type": "page_view", "user_id": "nihao003", "device_id": "dev_nihao003_3", "timestamp": 1774228294000, "page": "product_1024", "extra_data": {"product_id": 1024, "price": 79}}
{"event_type": "click", "user_id": "nihao003", "device_id": "dev_nihao003_3", "timestamp": 1774228296263, "page": "product_1024", "extra_data": {"product_id": 1024, "element": "image"}}
{"event_type": "page_view", "user_id": "nihao003", "device_id": "dev_nihao003_3", "timestamp": 1774228299224, "page": "product_1041", "extra_data": {"product_id": 1041, "price": 97}}
{"event_type": "click", "user_id": "nihao003", "device_id": "dev_nihao003_3", "timestamp": 1774228302241, "page": "product_1041", "extra_data": {"product_id": 1041, "element": "image"}}
{"event_type": "page_view", "user_id": "nihao003", "device_id": "dev_nihao003_3", "timestamp": 1774228304256, "page": "product_1030", "extra_data": {"product_id": 1030, "price": 17}}
{"event_type": "page_view", "user_id": "nihao003", "device_id": "dev_nihao003_3", "timestamp": 1774228309064, "page": "product_1019", "extra_data": {"product_id": 1019, "price": 56}}
{"event_type": "page_view", "user_id": "nihao003", "device_id": "dev_nihao003_3", "timestamp": 1774228313706, "page": "product_1051", "extra_data": {"product_id": 1051, "price": 100}}
{"event_type": "app_launch", "user_id": "nihao", "device_id": "dev_nihao_2", "timestamp": 1774230215000, "page": "home", "extra_data": {"source": "direct"}}
{"event_type": "page_view", "user_id": "nihao", "device_id": "dev_nihao_2", "timestamp": 1774230215762, "page": "home", "extra_data": {}}
{"event_type": "page_view", "user_id": "nihao", "device_id": "dev_nihao_2", "timestamp": 1774230218000, "page": "product_1004", "extra_data": {"product_id": 1004, "price": 34}}
{"event_type": "click", "user_id": "nihao", "device_id": "dev_nihao_2", "timestamp": 1774230222829, "page": "product_1004", "extra_data": {"product_id": 1004, "element": "image"}}
{"event_type": "page_view", "user_id": "nihao", "device_id": "dev_nihao_2", "timestamp": 1774230225354, "page": "product_1023", "extra_data": {"product_id": 1023, "price": 96}}
{"event_type": "add_to_cart", "user_id": "nihao", "device_id": "dev_nihao_2", "timestamp": 1774230228601, "page": "product_1023", "extra_data": {"product_id": 1023, "price": 96, "quantity": 3}}
{"event_type": "page_view", "user_id": "nihao", "device_id": "dev_nihao_2", "timestamp": 1774230231338, "page": "product_1020", "extra_data": {"product_id": 1020, "price": 49}}
{"event_type": "add_to_cart", "user_id": "nihao", "device_id": "dev_nihao_2", "timestamp": 1774230236327, "page": "product_1020", "extra_data": {"product_id": 1020, "price": 49, "quantity": 2}}
{"event_type": "purchase", "user_id": "nihao", "device_id": "dev_nihao_2", "timestamp": 1774230239393, "page": "checkout", "extra_data": {"products": [{"product_id": 1020, "price": 49, "quantity": 2}, {"product_id": 1023, "price": 96, "quantity": 3}], "total_amount": 386}}
{"event_type": "app_launch", "user_id": "renwei", "device_id": "dev_renwei_2", "timestamp": 1774238971000, "page": "home", "extra_data": {"source": "direct"}}
{"event_type": "page_view", "user_id": "renwei", "device_id": "dev_renwei_2", "timestamp": 1774238972637, "page": "home", "extra_data": {}}
{"event_type": "page_view", "user_id": "renwei", "device_id": "dev_renwei_2", "timestamp": 1774238974000, "page": "product_1010", "extra_data": {"product_id": 1010, "price": 18}}
{"event_type": "click", "user_id": "renwei", "device_id": "dev_renwei_2", "timestamp": 1774238977858, "page": "product_1010", "extra_data": {"product_id": 1010, "element": "image"}}
{"event_type": "add_to_cart", "user_id": "renwei", "device_id": "dev_renwei_2", "timestamp": 1774238980645, "page": "product_1010", "extra_data": {"product_id": 1010, "price": 18, "quantity": 2}}
{"event_type": "page_view", "user_id": "renwei", "device_id": "dev_renwei_2", "timestamp": 1774238982838, "page": "product_1014", "extra_data": {"product_id": 1014, "price": 89}}
{"event_type": "add_to_cart", "user_id": "renwei", "device_id": "dev_renwei_2", "timestamp": 1774238986157, "page": "product_1014", "extra_data": {"product_id": 1014, "price": 89, "quantity": 2}}
{"event_type": "page_view", "user_id": "renwei", "device_id": "dev_renwei_2", "timestamp": 1774238989632, "page": "product_1013", "extra_data": {"product_id": 1013, "price": 75}}
{"event_type": "add_to_cart", "user_id": "renwei", "device_id": "dev_renwei_2", "timestamp": 1774238994366, "page": "product_1013", "extra_data": {"product_id": 1013, "price": 75, "quantity": 3}}
{"event_type": "purchase", "user_id": "renwei", "device_id": "dev_renwei_2", "timestamp": 1774238998344, "page": "checkout", "extra_data": {"products": [{"product_id": 1014, "price": 89, "quantity": 2}, {"product_id": 1013, "price": 75, "quantity": 3}], "total_amount": 403}}
{"event_type": "app_launch", "user_id": "admin", "device_id": "dev_admin_8", "timestamp": 1774243060000, "page": "home", "extra_data": {"source": "direct"}}
{"event_type": "page_view", "user_id": "admin", "device_id": "dev_admin_8", "timestamp": 1774243060596, "page": "home", "extra_data": {}}
{"event_type": "page_view", "user_id": "admin", "device_id": "dev_admin_8", "timestamp": 1774243063000, "page": "product_1050", "extra_data": {"product_id": 1050, "price": 42}}
{"event_type": "click", "user_id": "admin", "device_id": "dev_admin_8", "timestamp": 1774243065947, "page": "product_1050", "extra_data": {"product_id": 1050, "element": "image"}}
{"event_type": "add_to_cart", "user_id": "admin", "device_id": "dev_admin_8", "timestamp": 1774243067638, "page": "product_1050", "extra_data": {"product_id": 1050, "price": 42, "quantity": 1}}
{"event_type": "page_view", "user_id": "admin", "device_id": "dev_admin_8", "timestamp": 1774243071444, "page": "product_1051", "extra_data": {"product_id": 1051, "price": 100}}
{"event_type": "click", "user_id": "admin", "device_id": "dev_admin_8", "timestamp": 1774243074245, "page": "product_1051", "extra_data": {"product_id": 1051, "element": "image"}}
{"event_type": "page_view", "user_id": "admin", "device_id": "dev_admin_8", "timestamp": 1774243075274, "page": "product_1052", "extra_data": {"product_id": 1052, "price": 15}}
{"event_type": "add_to_cart", "user_id": "admin", "device_id": "dev_admin_8", "timestamp": 1774243077676, "page": "product_1052", "extra_data": {"product_id": 1052, "price": 15, "quantity": 3}}
{"event_type": "page_view", "user_id": "admin", "device_id": "dev_admin_8", "timestamp": 1774243081067, "page": "product_1033", "extra_data": {"product_id": 1033, "price": 35}}
{"event_type": "app_launch", "user_id": "nihao004", "device_id": "dev_nihao004_12", "timestamp": 1774243106000, "page": "home", "extra_data": {"source": "direct"}}
{"event_type": "page_view", "user_id": "nihao004", "device_id": "dev_nihao004_12", "timestamp": 1774243107043, "page": "home", "extra_data": {}}
{"event_type": "page_view", "user_id": "nihao004", "device_id": "dev_nihao004_12", "timestamp": 1774243109000, "page": "product_1040", "extra_data": {"product_id": 1040, "price": 11}}
{"event_type": "add_to_cart", "user_id": "nihao004", "device_id": "dev_nihao004_12", "timestamp": 1774243111489, "page": "product_1040", "extra_data": {"product_id": 1040, "price": 11, "quantity": 1}}
{"event_type": "page_view", "user_id": "nihao004", "device_id": "dev_nihao004_12", "timestamp": 1774243114788, "page": "product_1001", "extra_data": {"product_id": 1001, "price": 67}}
{"event_type": "page_view", "user_id": "nihao004", "device_id": "dev_nihao004_12", "timestamp": 1774243117810, "page": "product_1030", "extra_data": {"product_id": 1030, "price": 17}}
{"event_type": "click", "user_id": "nihao004", "device_id": "dev_nihao004_12", "timestamp": 1774243122318, "page": "product_1030", "extra_data": {"product_id": 1030, "element": "image"}}
{"event_type": "add_to_cart", "user_id": "nihao004", "device_id": "dev_nihao004_12", "timestamp": 1774243124124, "page": "product_1030", "extra_data": {"product_id": 1030, "price": 17, "quantity": 1}}
{"event_type": "page_view", "user_id": "nihao004", "device_id": "dev_nihao004_12", "timestamp": 1774243127361, "page": "product_1023", "extra_data": {"product_id": 1023, "price": 96}}
{"event_type": "click", "user_id": "nihao004", "device_id": "dev_nihao004_12", "timestamp": 1774243129475, "page": "product_1023", "extra_data": {"product_id": 1023, "element": "image"}}
{"event_type": "page_view", "user_id": "nihao004", "device_id": "dev_nihao004_12", "timestamp": 1774243131346, "page": "product_1010", "extra_data": {"product_id": 1010, "price": 18}}
{"event_type": "click", "user_id": "nihao004", "device_id": "dev_nihao004_12", "timestamp": 1774243134691, "page": "product_1010", "extra_data": {"product_id": 1010, "element": "image"}}
{"event_type": "add_to_cart", "user_id": "nihao004", "device_id": "dev_nihao004_12", "timestamp": 1774243135795, "page": "product_1010", "extra_data": {"product_id": 1010, "price": 18, "quantity": 2}}
{"event_type": "app_launch", "user_id": "nihao002", "device_id": "dev_nihao002_16", "timestamp": 1774243217000, "page": "home", "extra_data": {"source": "direct"}}
{"event_type": "page_view", "user_id": "nihao002", "device_id": "dev_nihao002_16", "timestamp": 1774243218659, "page": "home", "extra_data": {}}
{"event_type": "page_view", "user_id": "nihao002", "device_id": "dev_nihao002_16", "timestamp": 1774243220000, "page": "product_1030", "extra_data": {"product_id": 1030, "price": 17}}
{"event_type": "add_to_cart", "user_id": "nihao002", "device_id": "dev_nihao002_16", "timestamp": 1774243224704, "page": "product_1030", "extra_data": {"product_id": 1030, "price": 17, "quantity": 1}}
{"event_type": "page_view", "user_id": "nihao002", "device_id": "dev_nihao002_16", "timestamp": 1774243227956, "page": "product_1033", "extra_data": {"product_id": 1033, "price": 35}}
{"event_type": "click", "user_id": "nihao002", "device_id": "dev_nihao002_16", "timestamp": 1774243232538, "page": "product_1033", "extra_data": {"product_id": 1033, "element": "image"}}
{"event_type": "add_to_cart", "user_id": "nihao002", "device_id": "dev_nihao002_16", "timestamp": 1774243234507, "page": "product_1033", "extra_data": {"product_id": 1033, "price": 35, "quantity": 2}}
{"event_type": "page_view", "user_id": "nihao002", "device_id": "dev_nihao002_16", "timestamp": 1774243236875, "page": "product_1026", "extra_data": {"product_id": 1026, "price": 78}}
{"event_type": "click", "user_id": "nihao002", "device_id": "dev_nihao002_16", "timestamp": 1774243241750, "page": "product_1026", "extra_data": {"product_id": 1026, "element": "image"}}
{"event_type": "page_view", "user_id": "nihao002", "device_id": "dev_nihao002_16", "timestamp": 1774243243111, "page": "product_1031", "extra_data": {"product_id": 1031, "price": 27}}
{"event_type": "add_to_cart", "user_id": "nihao002", "device_id": "dev_nihao002_16", "timestamp": 1774243247791, "page": "product_1031", "extra_data": {"product_id": 1031, "price": 27, "quantity": 2}}
{"event_type": "page_view", "user_id": "nihao002", "device_id": "dev_nihao002_16", "timestamp": 1774243251332, "page": "product_1034", "extra_data": {"product_id": 1034, "price": 73}}
{"event_type": "click", "user_id": "nihao002", "device_id": "dev_nihao002_16", "timestamp": 1774243255470, "page": "product_1034", "extra_data": {"product_id": 1034, "element": "image"}}
{"event_type": "page_view", "user_id": "nihao002", "device_id": "dev_nihao002_16", "timestamp": 1774243256621, "page": "product_1032", "extra_data": {"product_id": 1032, "price": 58}}
{"event_type": "add_to_cart", "user_id": "nihao002", "device_id": "dev_nihao002_16", "timestamp": 1774243259428, "page": "product_1032", "extra_data": {"product_id": 1032, "price": 58, "quantity": 3}}
{"event_type": "app_launch", "user_id": "nihao003", "device_id": "dev_nihao003_12", "timestamp": 1774247228000, "page": "home", "extra_data": {"source": "direct"}}
{"event_type": "page_view", "user_id": "nihao003", "device_id": "dev_nihao003_12", "timestamp": 1774247229717, "page": "home", "extra_data": {}}
{"event_type": "page_view", "user_id": "nihao003", "device_id": "dev_nihao003_12", "timestamp": 1774247231000, "page": "product_1031", "extra_data": {"product_id": 1031, "price": 27}}
{"event_type": "click", "user_id": "nihao003", "device_id": "dev_nihao003_12", "timestamp": 1774247233811, "page": "product_1031", "extra_data": {"product_id": 1031, "element": "image"}}
{"event_type": "add_to_cart", "user_id": "nihao003", "device_id": "dev_nihao003_12", "timestamp": 1774247236102, "page": "product_1031", "extra_data": {"product_id": 1031, "price": 27, "quantity": 1}}
{"event_type": "page_view", "user_id": "nihao003", "device_id": "dev_nihao003_12", "timestamp": 1774247238178, "page": "product_1044", "extra_data": {"product_id": 1044, "price": 17}}
{"event_type": "click", "user_id": "nihao003", "device_id": "dev_nihao003_12", "timestamp": 1774247241609, "page": "product_1044", "extra_data": {"product_id": 1044, "element": "image"}}
{"event_type": "add_to_cart", "user_id": "nihao003", "device_id": "dev_nihao003_12", "timestamp": 1774247244556, "page": "product_1044", "extra_data": {"product_id": 1044, "price": 17, "quantity": 3}}
{"event_type": "page_view", "user_id": "nihao003", "device_id": "dev_nihao003_12", "timestamp": 1774247247361, "page": "product_1006", "extra_data": {"product_id": 1006, "price": 33}}
{"event_type": "add_to_cart", "user_id": "nihao003", "device_id": "dev_nihao003_12", "timestamp": 1774247252060, "page": "product_1006", "extra_data": {"product_id": 1006, "price": 33, "quantity": 2}}
{"event_type": "page_view", "user_id": "nihao003", "device_id": "dev_nihao003_12", "timestamp": 1774247255260, "page": "product_1042", "extra_data": {"product_id": 1042, "price": 33}}
{"event_type": "add_to_cart", "user_id": "nihao003", "device_id": "dev_nihao003_12", "timestamp": 1774247257495, "page": "product_1042", "extra_data": {"product_id": 1042, "price": 33, "quantity": 1}}
{"event_type": "purchase", "user_id": "nihao003", "device_id": "dev_nihao003_12", "timestamp": 1774247261272, "page": "checkout", "extra_data": {"products": [{"product_id": 1006, "price": 33, "quantity": 2}], "total_amount": 66}}
{"event_type": "app_launch", "user_id": "nihao002", "device_id": "dev_nihao002_5", "timestamp": 1774248675000, "page": "home", "extra_data": {"source": "direct"}}
{"event_type": "page_view", "user_id": "nihao002", "device_id": "dev_nihao002_5", "timestamp": 1774248676157, "page": "home", "extra_data": {}}
{"event_type": "page_view", "user_id": "nihao002", "device_id": "dev_nihao002_5", "timestamp": 1774248678000, "page": "product_1031", "extra_data": {"product_id": 1031, "price": 27}}
{"event_type": "add_to_cart", "user_id": "nihao002", "device_id": "dev_nihao002_5", "timestamp": 1774248681373, "page": "product_1031", "extra_data": {"product_id": 1031, "price": 27, "quantity": 3}}
{"event_type": "page_view", "user_id": "nihao002", "device_id": "dev_nihao002_5", "timestamp": 1774248684322, "page": "product_1030", "extra_data": {"product_id": 1030, "price": 17}}
{"event_type": "click", "user_id": "nihao002", "device_id": "dev_nihao002_5", "timestamp": 1774248688902, "page": "product_1030", "extra_data": {"product_id": 1030, "element": "image"}}
{"event_type": "add_to_cart", "user_id": "nihao002", "device_id": "dev_nihao002_5", "timestamp": 1774248690297, "page": "product_1030", "extra_data": {"product_id": 1030, "price": 17, "quantity": 1}}
{"event_type": "page_view", "user_id": "nihao002", "device_id": "dev_nihao002_5", "timestamp": 1774248693255, "page": "product_1001", "extra_data": {"product_id": 1001, "price": 67}}
{"event_type": "app_launch", "user_id": "nihao005", "device_id": "dev_nihao005_16", "timestamp": 1774253246000, "page": "home", "extra_data": {"source": "direct"}}
{"event_type": "page_view", "user_id": "nihao005", "device_id": "dev_nihao005_16", "timestamp": 1774253247392, "page": "home", "extra_data": {}}
{"event_type": "page_view", "user_id": "nihao005", "device_id": "dev_nihao005_16", "timestamp": 1774253249000, "page": "product_1005", "extra_data": {"product_id": 1005, "price": 29}}
{"event_type": "add_to_cart", "user_id": "nihao005", "device_id": "dev_nihao005_16", "timestamp": 1774253251359, "page": "product_1005", "extra_data": {"product_id": 1005, "price": 29, "quantity": 1}}
{"event_type": "page_view", "user_id": "nihao005", "device_id": "dev_nihao005_16", "timestamp": 1774253254818, "page": "product_1015", "extra_data": {"product_id": 1015, "price": 97}}
{"event_type": "click", "user_id": "nihao005", "device_id": "dev_nihao005_16", "timestamp": 1774253256876, "page": "product_1015", "extra_data": {"product_id": 1015, "element": "image"}}
{"event_type": "app_launch", "user_id": "test005", "device_id": "dev_test005_10", "timestamp": 1774256146000, "page": "home", "extra_data": {"source": "direct"}}
{"event_type": "page_view", "user_id": "test005", "device_id": "dev_test005_10", "timestamp": 1774256147569, "page": "home", "extra_data": {}}
{"event_type": "page_view", "user_id": "test005", "device_id": "dev_test005_10", "timestamp": 1774256149000, "page": "product_1002", "extra_data": {"product_id": 1002, "price": 18}}
{"event_type": "add_to_cart", "user_id": "test005", "device_id": "dev_test005_10", "timestamp": 1774256151760, "page": "product_1002", "extra_data": {"product_id": 1002, "price": 18, "quantity": 2}}
{"event_type": "page_view", "user_id": "test005", "device_id": "dev_test005_10", "timestamp": 1774256154168, "page": "product_1008", "extra_data": {"product_id": 1008, "price": 23}}
{"event_type": "click", "user_id": "test005", "device_id": "dev_test005_10", "timestamp": 1774256158713, "page": "product_1008", "extra_data": {"product_id": 1008, "element": "image"}}
{"event_type": "add_to_cart", "user_id": "test005", "device_id": "dev_test005_10", "timestamp": 1774256161391, "page": "product_1008", "extra_data": {"product_id": 1008, "price": 23, "quantity": 2}}
{"event_type": "page_view", "user_id": "test005", "device_id": "dev_test005_10", "timestamp": 1774256165207, "page": "product_1004", "extra_data": {"product_id": 1004, "price": 34}}
{"event_type": "add_to_cart", "user_id": "test005", "device_id": "dev_test005_10", "timestamp": 1774256167874, "page": "product_1004", "extra_data": {"product_id": 1004, "price": 34, "quantity": 1}}
{"event_type": "page_view", "user_id": "test005", "device_id": "dev_test005_10", "timestamp": 1774256169936, "page": "product_1006", "extra_data": {"product_id": 1006, "price": 33}}
{"event_type": "click", "user_id": "test005", "device_id": "dev_test005_10", "timestamp": 1774256173609, "page": "product_1006", "extra_data": {"product_id": 1006, "element": "image"}}
{"event_type": "add_to_cart", "user_id": "test005", "device_id": "dev_test005_10", "timestamp": 1774256175912, "page": "product_1006", "extra_data": {"product_id": 1006, "price": 33, "quantity": 3}}
{"event_type": "app_launch", "user_id": "nihao", "device_id": "dev_nihao_13", "timestamp": 1774257378000, "page": "home", "extra_data": {"source": "direct"}}
{"event_type": "page_view", "user_id": "nihao", "device_id": "dev_nihao_13", "timestamp": 1774257379688, "page": "home", "extra_data": {}}
{"event_type": "page_view", "user_id": "nihao", "device_id": "dev_nihao_13", "timestamp": 1774257381000, "page": "product_1024", "extra_data": {"product_id": 1024, "price": 79}}
{"event_type": "add_to_cart", "user_id": "nihao", "device_id": "dev_nihao_13", "timestamp": 1774257384951, "page": "product_1024", "extra_data": {"product_id": 1024, "price": 79, "quantity": 2}}
{"event_type": "page_view", "user_id": "nihao", "device_id": "dev_nihao_13", "timestamp": 1774257388681, "page": "product_1022", "extra_data": {"product_id": 1022, "price": 58}}
{"event_type": "click", "user_id": "nihao", "device_id": "dev_nihao_13", "timestamp": 1774257391260, "page": "product_1022", "extra_data": {"product_id": 1022, "element": "image"}}
{"event_type": "add_to_cart", "user_id": "nihao", "device_id": "dev_nihao_13", "timestamp": 1774257393205, "page": "product_1022", "extra_data": {"product_id": 1022, "price": 58, "quantity": 3}}
{"event_type": "page_view", "user_id": "nihao", "device_id": "dev_nihao_13", "timestamp": 1774257395993, "page": "product_1023", "extra_data": {"product_id": 1023, "price": 96}}
{"event_type": "click", "user_id": "nihao", "device_id": "dev_nihao_13", "timestamp": 1774257399670, "page": "product_1023", "extra_data": {"product_id": 1023, "element": "image"}}
{"event_type": "page_view", "user_id": "nihao", "device_id": "dev_nihao_13", "timestamp": 1774257401369, "page": "product_1027", "extra_data": {"product_id": 1027, "price": 92}}
{"event_type": "app_launch", "user_id": "test005", "device_id": "dev_test005_4", "timestamp": 1774259639000, "page": "home", "extra_data": {"source": "direct"}}
{"event_type": "page_view", "user_id": "test005", "device_id": "dev_test005_4", "timestamp": 1774259640935, "page": "home", "extra_data": {}}
{"event_type": "page_view", "user_id": "test005", "device_id": "dev_test005_4", "timestamp": 1774259642000, "page": "product_1010", "extra_data": {"product_id": 1010, "price": 18}}
{"event_type": "click", "user_id": "test005", "device_id": "dev_test005_4", "timestamp": 1774259646676, "page": "product_1010", "extra_data": {"product_id": 1010, "element": "image"}}
{"event_type": "page_view", "user_id": "test005", "device_id": "dev_test005_4", "timestamp": 1774259649253, "page": "product_1048", "extra_data": {"product_id": 1048, "price": 86}}
{"event_type": "add_to_cart", "user_id": "test005", "device_id": "dev_test005_4", "timestamp": 1774259653897, "page": "product_1048", "extra_data": {"product_id": 1048, "price": 86, "quantity": 3}}
{"event_type": "page_view", "user_id": "test005", "device_id": "dev_test005_4", "timestamp": 1774259656604, "page": "product_1006", "extra_data": {"product_id": 1006, "price": 33}}
{"event_type": "page_view", "user_id": "test005", "device_id": "dev_test005_4", "timestamp": 1774259659472, "page": "product_1013", "extra_data": {"product_id": 1013, "price": 75}}
{"event_type": "app_launch", "user_id": "nihao005", "device_id": "dev_nihao005_4", "timestamp": 1774262886000, "page": "home", "extra_data": {"source": "direct"}}
{"event_type": "page_view", "user_id": "nihao005", "device_id": "dev_nihao005_4", "timestamp": 1774262887085, "page": "home", "extra_data": {}}
{"event_type": "page_view", "user_id": "nihao005", "device_id": "dev_nihao005_4", "timestamp": 1774262889000, "page": "product_1005", "extra_data": {"product_id": 1005, "price": 29}}
{"event_type": "click", "user_id": "nihao005", "device_id": "dev_nihao005_4", "timestamp": 1774262891529, "page": "product_1005", "extra_data": {"product_id": 1005, "element": "image"}}
{"event_type": "add_to_cart", "user_id": "nihao005", "device_id": "dev_nihao005_4", "timestamp": 1774262894240, "page": "product_1005", "extra_data": {"product_id": 1005, "price": 29, "quantity": 3}}
{"event_type": "page_view", "user_id": "nihao005", "device_id": "dev_nihao005_4", "timestamp": 1774262897511, "page": "product_1045", "extra_data": {"product_id": 1045, "price": 15}}
{"event_type": "click", "user_id": "nihao005", "device_id": "dev_nihao005_4", "timestamp": 1774262899890, "page": "product_1045", "extra_data": {"product_id": 1045, "element": "image"}}
{"event_type": "app_launch", "user_id": "nihao003", "device_id": "dev_nihao003_7", "timestamp": 1774275750000, "page": "home", "extra_data": {"source": "direct"}}
{"event_type": "page_view", "user_id": "nihao003", "device_id": "dev_nihao003_7", "timestamp": 1774275750668, "page": "home", "extra_data": {}}
{"event_type": "page_view", "user_id": "nihao003", "device_id": "dev_nihao003_7", "timestamp": 1774275753000, "page": "product_1013", "extra_data": {"product_id": 1013, "price": 75}}
{"event_type": "page_view", "user_id": "nihao003", "device_id": "dev_nihao003_7", "timestamp": 1774275755894, "page": "product_1042", "extra_data": {"product_id": 1042, "price": 33}}
{"event_type": "page_view", "user_id": "nihao003", "device_id": "dev_nihao003_7", "timestamp": 1774275760875, "page": "product_1044", "extra_data": {"product_id": 1044, "price": 17}}
{"event_type": "add_to_cart", "user_id": "nihao003", "device_id": "dev_nihao003_7", "timestamp": 1774275765602, "page": "product_1044", "extra_data": {"product_id": 1044, "price": 17, "quantity": 3}}
{"event_type": "page_view", "user_id": "nihao003", "device_id": "dev_nihao003_7", "timestamp": 1774275769097, "page": "product_1002", "extra_data": {"product_id": 1002, "price": 18}}
{"event_type": "app_launch", "user_id": "nihao002", "device_id": "dev_nihao002_7", "timestamp": 1774337214000, "page": "home", "extra_data": {"source": "direct"}}
{"event_type": "page_view", "user_id": "nihao002", "device_id": "dev_nihao002_7", "timestamp": 1774337215060, "page": "home", "extra_data": {}}
{"event_type": "page_view", "user_id": "nihao002", "device_id": "dev_nihao002_7", "timestamp": 1774337217000, "page": "product_1005", "extra_data": {"product_id": 1005, "price": 29}}
{"event_type": "click", "user_id": "nihao002", "device_id": "dev_nihao002_7", "timestamp": 1774337220292, "page": "product_1005", "extra_data": {"product_id": 1005, "element": "image"}}
{"event_type": "page_view", "user_id": "nihao002", "device_id": "dev_nihao002_7", "timestamp": 1774337222371, "page": "product_1032", "extra_data": {"product_id": 1032, "price": 58}}
{"event_type": "click", "user_id": "nihao002", "device_id": "dev_nihao002_7", "timestamp": 1774337224795, "page": "product_1032", "extra_data": {"product_id": 1032, "element": "image"}}
{"event_type": "add_to_cart", "user_id": "nihao002", "device_id": "dev_nihao002_7", "timestamp": 1774337226485, "page": "product_1032", "extra_data": {"product_id": 1032, "price": 58, "quantity": 2}}
{"event_type": "app_launch", "user_id": "nihao005", "device_id": "dev_nihao005_3", "timestamp": 1774346531000, "page": "home", "extra_data": {"source": "direct"}}
{"event_type": "page_view", "user_id": "nihao005", "device_id": "dev_nihao005_3", "timestamp": 1774346532551, "page": "home", "extra_data": {}}
{"event_type": "page_view", "user_id": "nihao005", "device_id": "dev_nihao005_3", "timestamp": 1774346534000, "page": "product_1004", "extra_data": {"product_id": 1004, "price": 34}}
{"event_type": "click", "user_id": "nihao005", "device_id": "dev_nihao005_3", "timestamp": 1774346538658, "page": "product_1004", "extra_data": {"product_id": 1004, "element": "image"}}
{"event_type": "page_view", "user_id": "nihao005", "device_id": "dev_nihao005_3", "timestamp": 1774346541427, "page": "product_1005", "extra_data": {"product_id": 1005, "price": 29}}
{"event_type": "add_to_cart", "user_id": "nihao005", "device_id": "dev_nihao005_3", "timestamp": 1774346545343, "page": "product_1005", "extra_data": {"product_id": 1005, "price": 29, "quantity": 3}}
{"event_type": "page_view", "user_id": "nihao005", "device_id": "dev_nihao005_3", "timestamp": 1774346547822, "page": "product_1015", "extra_data": {"product_id": 1015, "price": 97}}
{"event_type": "click", "user_id": "nihao005", "device_id": "dev_nihao005_3", "timestamp": 1774346551774, "page": "product_1015", "extra_data": {"product_id": 1015, "element": "image"}}
{"event_type": "page_view", "user_id": "nihao005", "device_id": "dev_nihao005_3", "timestamp": 1774346553044, "page": "product_1025", "extra_data": {"product_id": 1025, "price": 93}}
{"event_type": "add_to_cart", "user_id": "nihao005", "device_id": "dev_nihao005_3", "timestamp": 1774346556587, "page": "product_1025", "extra_data": {"product_id": 1025, "price": 93, "quantity": 1}}
{"event_type": "app_launch", "user_id": "andy001", "device_id": "dev_andy001_16", "timestamp": 1774349756000, "page": "home", "extra_data": {"source": "direct"}}
{"event_type": "page_view", "user_id": "andy001", "device_id": "dev_andy001_16", "timestamp": 1774349757089, "page": "home", "extra_data": {}}
{"event_type": "page_view", "user_id": "andy001", "device_id": "dev_andy001_16", "timestamp": 1774349759000, "page": "product_1003", "extra_data": {"product_id": 1003, "price": 23}}
{"event_type": "add_to_cart", "user_id": "andy001", "device_id": "dev_andy001_16", "timestamp": 1774349763548, "page": "product_1003", "extra_data": {"product_id": 1003, "price": 23, "quantity": 2}}
{"event_type": "page_view", "user_id": "andy001", "device_id": "dev_andy001_16", "timestamp": 1774349765997, "page": "product_1002", "extra_data": {"product_id": 1002, "price": 18}}
{"event_type": "click", "user_id": "andy001", "device_id": "dev_andy001_16", "timestamp": 1774349768019, "page": "product_1002", "extra_data": {"product_id": 1002, "element": "image"}}
{"event_type": "page_view", "user_id": "andy001", "device_id": "dev_andy001_16", "timestamp": 1774349770941, "page": "product_1013", "extra_data": {"product_id": 1013, "price": 75}}
{"event_type": "add_to_cart", "user_id": "andy001", "device_id": "dev_andy001_16", "timestamp": 1774349774312, "page": "product_1013", "extra_data": {"product_id": 1013, "price": 75, "quantity": 1}}
{"event_type": "page_view", "user_id": "andy001", "device_id": "dev_andy001_16", "timestamp": 1774349777733, "page": "product_1004", "extra_data": {"product_id": 1004, "price": 34}}
{"event_type": "click", "user_id": "andy001", "device_id": "dev_andy001_16", "timestamp": 1774349780328, "page": "product_1004", "extra_data": {"product_id": 1004, "element": "image"}}
{"event_type": "add_to_cart", "user_id": "andy001", "device_id": "dev_andy001_16", "timestamp": 1774349781755, "page": "product_1004", "extra_data": {"product_id": 1004, "price": 34, "quantity": 2}}
{"event_type": "page_view", "user_id": "andy001", "device_id": "dev_andy001_16", "timestamp": 1774349785550, "page": "product_1005", "extra_data": {"product_id": 1005, "price": 29}}
{"event_type": "click", "user_id": "andy001", "device_id": "dev_andy001_16", "timestamp": 1774349787704, "page": "product_1005", "extra_data": {"product_id": 1005, "element": "image"}}
{"event_type": "purchase", "user_id": "andy001", "device_id": "dev_andy001_16", "timestamp": 1774349789910, "page": "checkout", "extra_data": {"products": [{"product_id": 1003, "price": 23, "quantity": 2}, {"product_id": 1004, "price": 34, "quantity": 2}, {"product_id": 1013, "price": 75, "quantity": 1}], "total_amount": 189}}
{"event_type": "app_launch", "user_id": "nihao005", "device_id": "dev_nihao005_1", "timestamp": 1774355963000, "page": "home", "extra_data": {"source": "direct"}}
{"event_type": "page_view", "user_id": "nihao005", "device_id": "dev_nihao005_1", "timestamp": 1774355964520, "page": "home", "extra_data": {}}
{"event_type": "page_view", "user_id": "nihao005", "device_id": "dev_nihao005_1", "timestamp": 1774355966000, "page": "product_1035", "extra_data": {"product_id": 1035, "price": 100}}
{"event_type": "click", "user_id": "nihao005", "device_id": "dev_nihao005_1", "timestamp": 1774355969724, "page": "product_1035", "extra_data": {"product_id": 1035, "element": "image"}}
{"event_type": "page_view", "user_id": "nihao005", "device_id": "dev_nihao005_1", "timestamp": 1774355970823, "page": "product_1038", "extra_data": {"product_id": 1038, "price": 15}}
{"event_type": "click", "user_id": "nihao005", "device_id": "dev_nihao005_1", "timestamp": 1774355975418, "page": "product_1038", "extra_data": {"product_id": 1038, "element": "image"}}
{"event_type": "add_to_cart", "user_id": "nihao005", "device_id": "dev_nihao005_1", "timestamp": 1774355978004, "page": "product_1038", "extra_data": {"product_id": 1038, "price": 15, "quantity": 3}}
{"event_type": "page_view", "user_id": "nihao005", "device_id": "dev_nihao005_1", "timestamp": 1774355980647, "page": "product_1025", "extra_data": {"product_id": 1025, "price": 93}}
{"event_type": "add_to_cart", "user_id": "nihao005", "device_id": "dev_nihao005_1", "timestamp": 1774355983635, "page": "product_1025", "extra_data": {"product_id": 1025, "price": 93, "quantity": 2}}
{"event_type": "page_view", "user_id": "nihao005", "device_id": "dev_nihao005_1", "timestamp": 1774355987290, "page": "product_1030", "extra_data": {"product_id": 1030, "price": 17}}
{"event_type": "click", "user_id": "nihao005", "device_id": "dev_nihao005_1", "timestamp": 1774355990157, "page": "product_1030", "extra_data": {"product_id": 1030, "element": "image"}}
{"event_type": "page_view", "user_id": "nihao005", "device_id": "dev_nihao005_1", "timestamp": 1774355992151, "page": "product_1028", "extra_data": {"product_id": 1028, "price": 21}}
{"event_type": "page_view", "user_id": "nihao005", "device_id": "dev_nihao005_1", "timestamp": 1774355996087, "page": "product_1052", "extra_data": {"product_id": 1052, "price": 15}}
{"event_type": "purchase", "user_id": "nihao005", "device_id": "dev_nihao005_1", "timestamp": 1774355998271, "page": "checkout", "extra_data": {"products": [{"product_id": 1038, "price": 15, "quantity": 3}, {"product_id": 1025, "price": 93, "quantity": 2}], "total_amount": 231}}
{"event_type": "app_launch", "user_id": "nihao003", "device_id": "dev_nihao003_15", "timestamp": 1774363927000, "page": "home", "extra_data": {"source": "direct"}}
{"event_type": "page_view", "user_id": "nihao003", "device_id": "dev_nihao003_15", "timestamp": 1774363927937, "page": "home", "extra_data": {}}
{"event_type": "page_view", "user_id": "nihao003", "device_id": "dev_nihao003_15", "timestamp": 1774363930000, "page": "product_1042", "extra_data": {"product_id": 1042, "price": 33}}
{"event_type": "page_view", "user_id": "nihao003", "device_id": "dev_nihao003_15", "timestamp": 1774363933708, "page": "product_1041", "extra_data": {"product_id": 1041, "price": 97}}
{"event_type": "click", "user_id": "nihao003", "device_id": "dev_nihao003_15", "timestamp": 1774363936148, "page": "product_1041", "extra_data": {"product_id": 1041, "element": "image"}}
{"event_type": "page_view", "user_id": "nihao003", "device_id": "dev_nihao003_15", "timestamp": 1774363938170, "page": "product_1037", "extra_data": {"product_id": 1037, "price": 22}}
{"event_type": "click", "user_id": "nihao003", "device_id": "dev_nihao003_15", "timestamp": 1774363942939, "page": "product_1037", "extra_data": {"product_id": 1037, "element": "image"}}
{"event_type": "page_view", "user_id": "nihao003", "device_id": "dev_nihao003_15", "timestamp": 1774363944675, "page": "product_1014", "extra_data": {"product_id": 1014, "price": 89}}
{"event_type": "click", "user_id": "nihao003", "device_id": "dev_nihao003_15", "timestamp": 1774363948687, "page": "product_1014", "extra_data": {"product_id": 1014, "element": "image"}}
{"event_type": "app_launch", "user_id": "renwei", "device_id": "dev_renwei_24", "timestamp": 1774409054000, "page": "home", "extra_data": {"source": "direct"}}
{"event_type": "page_view", "user_id": "renwei", "device_id": "dev_renwei_24", "timestamp": 1774409054793, "page": "home", "extra_data": {}}
{"event_type": "page_view", "user_id": "renwei", "device_id": "dev_renwei_24", "timestamp": 1774409057000, "page": "product_1012", "extra_data": {"product_id": 1012, "price": 26}}
{"event_type": "click", "user_id": "renwei", "device_id": "dev_renwei_24", "timestamp": 1774409059059, "page": "product_1012", "extra_data": {"product_id": 1012, "element": "image"}}
{"event_type": "add_to_cart", "user_id": "renwei", "device_id": "dev_renwei_24", "timestamp": 1774409061710, "page": "product_1012", "extra_data": {"product_id": 1012, "price": 26, "quantity": 3}}
{"event_type": "page_view", "user_id": "renwei", "device_id": "dev_renwei_24", "timestamp": 1774409064388, "page": "product_1014", "extra_data": {"product_id": 1014, "price": 89}}
{"event_type": "click", "user_id": "renwei", "device_id": "dev_renwei_24", "timestamp": 1774409066605, "page": "product_1014", "extra_data": {"product_id": 1014, "element": "image"}}
{"event_type": "page_view", "user_id": "renwei", "device_id": "dev_renwei_24", "timestamp": 1774409068538, "page": "product_1021", "extra_data": {"product_id": 1021, "price": 89}}
{"event_type": "page_view", "user_id": "renwei", "device_id": "dev_renwei_24", "timestamp": 1774409071597, "page": "product_1013", "extra_data": {"product_id": 1013, "price": 75}}
{"event_type": "add_to_cart", "user_id": "renwei", "device_id": "dev_renwei_24", "timestamp": 1774409075691, "page": "product_1013", "extra_data": {"product_id": 1013, "price": 75, "quantity": 1}}
{"event_type": "page_view", "user_id": "renwei", "device_id": "dev_renwei_24", "timestamp": 1774409078919, "page": "product_1052", "extra_data": {"product_id": 1052, "price": 15}}
{"event_type": "click", "user_id": "renwei", "device_id": "dev_renwei_24", "timestamp": 1774409082453, "page": "product_1052", "extra_data": {"product_id": 1052, "element": "image"}}
{"event_type": "app_launch", "user_id": "renwei", "device_id": "dev_renwei_25", "timestamp": 1774419187000, "page": "home", "extra_data": {"source": "direct"}}
{"event_type": "page_view", "user_id": "renwei", "device_id": "dev_renwei_25", "timestamp": 1774419188057, "page": "home", "extra_data": {}}
{"event_type": "page_view", "user_id": "renwei", "device_id": "dev_renwei_25", "timestamp": 1774419190000, "page": "product_1012", "extra_data": {"product_id": 1012, "price": 26}}
{"event_type": "page_view", "user_id": "renwei", "device_id": "dev_renwei_25", "timestamp": 1774419194547, "page": "product_1014", "extra_data": {"product_id": 1014, "price": 89}}
{"event_type": "click", "user_id": "renwei", "device_id": "dev_renwei_25", "timestamp": 1774419198885, "page": "product_1014", "extra_data": {"product_id": 1014, "element": "image"}}
{"event_type": "add_to_cart", "user_id": "renwei", "device_id": "dev_renwei_25", "timestamp": 1774419201486, "page": "product_1014", "extra_data": {"product_id": 1014, "price": 89, "quantity": 1}}
{"event_type": "page_view", "user_id": "renwei", "device_id": "dev_renwei_25", "timestamp": 1774419204089, "page": "product_1011", "extra_data": {"product_id": 1011, "price": 58}}
{"event_type": "page_view", "user_id": "renwei", "device_id": "dev_renwei_25", "timestamp": 1774419208137, "page": "product_1010", "extra_data": {"product_id": 1010, "price": 18}}
{"event_type": "click", "user_id": "renwei", "device_id": "dev_renwei_25", "timestamp": 1774419211063, "page": "product_1010", "extra_data": {"product_id": 1010, "element": "image"}}
{"event_type": "add_to_cart", "user_id": "renwei", "device_id": "dev_renwei_25", "timestamp": 1774419213392, "page": "product_1010", "extra_data": {"product_id": 1010, "price": 18, "quantity": 2}}
{"event_type": "app_launch", "user_id": "nihao", "device_id": "dev_nihao_12", "timestamp": 1774427632000, "page": "home", "extra_data": {"source": "direct"}}
{"event_type": "page_view", "user_id": "nihao", "device_id": "dev_nihao_12", "timestamp": 1774427633689, "page": "home", "extra_data": {}}
{"event_type": "page_view", "user_id": "nihao", "device_id": "dev_nihao_12", "timestamp": 1774427635000, "page": "product_1003", "extra_data": {"product_id": 1003, "price": 23}}
{"event_type": "add_to_cart", "user_id": "nihao", "device_id": "dev_nihao_12", "timestamp": 1774427639907, "page": "product_1003", "extra_data": {"product_id": 1003, "price": 23, "quantity": 3}}
{"event_type": "page_view", "user_id": "nihao", "device_id": "dev_nihao_12", "timestamp": 1774427641994, "page": "product_1022", "extra_data": {"product_id": 1022, "price": 58}}
{"event_type": "click", "user_id": "nihao", "device_id": "dev_nihao_12", "timestamp": 1774427644245, "page": "product_1022", "extra_data": {"product_id": 1022, "element": "image"}}
{"event_type": "add_to_cart", "user_id": "nihao", "device_id": "dev_nihao_12", "timestamp": 1774427646449, "page": "product_1022", "extra_data": {"product_id": 1022, "price": 58, "quantity": 1}}
{"event_type": "app_launch", "user_id": "renwei", "device_id": "dev_renwei_8", "timestamp": 1774431492000, "page": "home", "extra_data": {"source": "direct"}}
{"event_type": "page_view", "user_id": "renwei", "device_id": "dev_renwei_8", "timestamp": 1774431493201, "page": "home", "extra_data": {}}
{"event_type": "page_view", "user_id": "renwei", "device_id": "dev_renwei_8", "timestamp": 1774431495000, "page": "product_1011", "extra_data": {"product_id": 1011, "price": 58}}
{"event_type": "add_to_cart", "user_id": "renwei", "device_id": "dev_renwei_8", "timestamp": 1774431499228, "page": "product_1011", "extra_data": {"product_id": 1011, "price": 58, "quantity": 1}}
{"event_type": "page_view", "user_id": "renwei", "device_id": "dev_renwei_8", "timestamp": 1774431502630, "page": "product_1027", "extra_data": {"product_id": 1027, "price": 92}}
{"event_type": "click", "user_id": "renwei", "device_id": "dev_renwei_8", "timestamp": 1774431506519, "page": "product_1027", "extra_data": {"product_id": 1027, "element": "image"}}
{"event_type": "page_view", "user_id": "renwei", "device_id": "dev_renwei_8", "timestamp": 1774431509139, "page": "product_1014", "extra_data": {"product_id": 1014, "price": 89}}
{"event_type": "add_to_cart", "user_id": "renwei", "device_id": "dev_renwei_8", "timestamp": 1774431511939, "page": "product_1014", "extra_data": {"product_id": 1014, "price": 89, "quantity": 3}}
{"event_type": "app_launch", "user_id": "nihao002", "device_id": "dev_nihao002_24", "timestamp": 1774442552000, "page": "home", "extra_data": {"source": "direct"}}
{"event_type": "page_view", "user_id": "nihao002", "device_id": "dev_nihao002_24", "timestamp": 1774442553623, "page": "home", "extra_data": {}}
{"event_type": "page_view", "user_id": "nihao002", "device_id": "dev_nihao002_24", "timestamp": 1774442555000, "page": "product_1032", "extra_data": {"product_id": 1032, "price": 58}}
{"event_type": "add_to_cart", "user_id": "nihao002", "device_id": "dev_nihao002_24", "timestamp": 1774442557351, "page": "product_1032", "extra_data": {"product_id": 1032, "price": 58, "quantity": 1}}
{"event_type": "page_view", "user_id": "nihao002", "device_id": "dev_nihao002_24", "timestamp": 1774442561144, "page": "product_1031", "extra_data": {"product_id": 1031, "price": 27}}
{"event_type": "click", "user_id": "nihao002", "device_id": "dev_nihao002_24", "timestamp": 1774442564616, "page": "product_1031", "extra_data": {"product_id": 1031, "element": "image"}}
{"event_type": "app_launch", "user_id": "andy001", "device_id": "dev_andy001_3", "timestamp": 1774442878000, "page": "home", "extra_data": {"source": "direct"}}
{"event_type": "page_view", "user_id": "andy001", "device_id": "dev_andy001_3", "timestamp": 1774442878826, "page": "home", "extra_data": {}}
{"event_type": "page_view", "user_id": "andy001", "device_id": "dev_andy001_3", "timestamp": 1774442881000, "page": "product_1003", "extra_data": {"product_id": 1003, "price": 23}}
{"event_type": "click", "user_id": "andy001", "device_id": "dev_andy001_3", "timestamp": 1774442883565, "page": "product_1003", "extra_data": {"product_id": 1003, "element": "image"}}
{"event_type": "add_to_cart", "user_id": "andy001", "device_id": "dev_andy001_3", "timestamp": 1774442885101, "page": "product_1003", "extra_data": {"product_id": 1003, "price": 23, "quantity": 3}}
{"event_type": "page_view", "user_id": "andy001", "device_id": "dev_andy001_3", "timestamp": 1774442888537, "page": "product_1023", "extra_data": {"product_id": 1023, "price": 96}}
{"event_type": "click", "user_id": "andy001", "device_id": "dev_andy001_3", "timestamp": 1774442893170, "page": "product_1023", "extra_data": {"product_id": 1023, "element": "image"}}
{"event_type": "add_to_cart", "user_id": "andy001", "device_id": "dev_andy001_3", "timestamp": 1774442895587, "page": "product_1023", "extra_data": {"product_id": 1023, "price": 96, "quantity": 1}}
{"event_type": "page_view", "user_id": "andy001", "device_id": "dev_andy001_3", "timestamp": 1774442897932, "page": "product_1004", "extra_data": {"product_id": 1004, "price": 34}}
{"event_type": "add_to_cart", "user_id": "andy001", "device_id": "dev_andy001_3", "timestamp": 1774442902332, "page": "product_1004", "extra_data": {"product_id": 1004, "price": 34, "quantity": 3}}
{"event_type": "page_view", "user_id": "andy001", "device_id": "dev_andy001_3", "timestamp": 1774442905145, "page": "product_1020", "extra_data": {"product_id": 1020, "price": 49}}
{"event_type": "click", "user_id": "andy001", "device_id": "dev_andy001_3", "timestamp": 1774442907439, "page": "product_1020", "extra_data": {"product_id": 1020, "element": "image"}}
{"event_type": "add_to_cart", "user_id": "andy001", "device_id": "dev_andy001_3", "timestamp": 1774442909384, "page": "product_1020", "extra_data": {"product_id": 1020, "price": 49, "quantity": 2}}
{"event_type": "app_launch", "user_id": "nihao003", "device_id": "dev_nihao003_13", "timestamp": 1774446337000, "page": "home", "extra_data": {"source": "direct"}}
{"event_type": "page_view", "user_id": "nihao003", "device_id": "dev_nihao003_13", "timestamp": 1774446338951, "page": "home", "extra_data": {}}
{"event_type": "page_view", "user_id": "nihao003", "device_id": "dev_nihao003_13", "timestamp": 1774446340000, "page": "product_1041", "extra_data": {"product_id": 1041, "price": 97}}
{"event_type": "add_to_cart", "user_id": "nihao003", "device_id": "dev_nihao003_13", "timestamp": 1774446344326, "page": "product_1041", "extra_data": {"product_id": 1041, "price": 97, "quantity": 3}}
{"event_type": "page_view", "user_id": "nihao003", "device_id": "dev_nihao003_13", "timestamp": 1774446346841, "page": "product_1044", "extra_data": {"product_id": 1044, "price": 17}}
{"event_type": "click", "user_id": "nihao003", "device_id": "dev_nihao003_13", "timestamp": 1774446350975, "page": "product_1044", "extra_data": {"product_id": 1044, "element": "image"}}
{"event_type": "add_to_cart", "user_id": "nihao003", "device_id": "dev_nihao003_13", "timestamp": 1774446352582, "page": "product_1044", "extra_data": {"product_id": 1044, "price": 17, "quantity": 1}}
{"event_type": "page_view", "user_id": "nihao003", "device_id": "dev_nihao003_13", "timestamp": 1774446355853, "page": "product_1043", "extra_data": {"product_id": 1043, "price": 22}}
{"event_type": "app_launch", "user_id": "nihao002", "device_id": "dev_nihao002_26", "timestamp": 1774450770000, "page": "home", "extra_data": {"source": "direct"}}
{"event_type": "page_view", "user_id": "nihao002", "device_id": "dev_nihao002_26", "timestamp": 1774450771356, "page": "home", "extra_data": {}}
{"event_type": "page_view", "user_id": "nihao002", "device_id": "dev_nihao002_26", "timestamp": 1774450773000, "page": "product_1034", "extra_data": {"product_id": 1034, "price": 73}}
{"event_type": "add_to_cart", "user_id": "nihao002", "device_id": "dev_nihao002_26", "timestamp": 1774450777587, "page": "product_1034", "extra_data": {"product_id": 1034, "price": 73, "quantity": 2}}
{"event_type": "page_view", "user_id": "nihao002", "device_id": "dev_nihao002_26", "timestamp": 1774450780127, "page": "product_1012", "extra_data": {"product_id": 1012, "price": 26}}
{"event_type": "page_view", "user_id": "nihao002", "device_id": "dev_nihao002_26", "timestamp": 1774450782807, "page": "product_1030", "extra_data": {"product_id": 1030, "price": 17}}
{"event_type": "click", "user_id": "nihao002", "device_id": "dev_nihao002_26", "timestamp": 1774450786755, "page": "product_1030", "extra_data": {"product_id": 1030, "element": "image"}}
{"event_type": "page_view", "user_id": "nihao002", "device_id": "dev_nihao002_26", "timestamp": 1774450789110, "page": "product_1002", "extra_data": {"product_id": 1002, "price": 18}}
{"event_type": "click", "user_id": "nihao002", "device_id": "dev_nihao002_26", "timestamp": 1774450791944, "page": "product_1002", "extra_data": {"product_id": 1002, "element": "image"}}
{"event_type": "page_view", "user_id": "nihao002", "device_id": "dev_nihao002_26", "timestamp": 1774450793430, "page": "product_1019", "extra_data": {"product_id": 1019, "price": 56}}
{"event_type": "app_launch", "user_id": "test005", "device_id": "dev_test005_18", "timestamp": 1774491272000, "page": "home", "extra_data": {"source": "direct"}}
{"event_type": "page_view", "user_id": "test005", "device_id": "dev_test005_18", "timestamp": 1774491273292, "page": "home", "extra_data": {}}
{"event_type": "page_view", "user_id": "test005", "device_id": "dev_test005_18", "timestamp": 1774491275000, "page": "product_1032", "extra_data": {"product_id": 1032, "price": 58}}
{"event_type": "click", "user_id": "test005", "device_id": "dev_test005_18", "timestamp": 1774491279254, "page": "product_1032", "extra_data": {"product_id": 1032, "element": "image"}}
{"event_type": "page_view", "user_id": "test005", "device_id": "dev_test005_18", "timestamp": 1774491280774, "page": "product_1002", "extra_data": {"product_id": 1002, "price": 18}}
{"event_type": "add_to_cart", "user_id": "test005", "device_id": "dev_test005_18", "timestamp": 1774491284666, "page": "product_1002", "extra_data": {"product_id": 1002, "price": 18, "quantity": 3}}
{"event_type": "page_view", "user_id": "test005", "device_id": "dev_test005_18", "timestamp": 1774491287516, "page": "product_1048", "extra_data": {"product_id": 1048, "price": 86}}
{"event_type": "add_to_cart", "user_id": "test005", "device_id": "dev_test005_18", "timestamp": 1774491292296, "page": "product_1048", "extra_data": {"product_id": 1048, "price": 86, "quantity": 3}}
{"event_type": "app_launch", "user_id": "andy001", "device_id": "dev_andy001_7", "timestamp": 1774496035000, "page": "home", "extra_data": {"source": "direct"}}
{"event_type": "page_view", "user_id": "andy001", "device_id": "dev_andy001_7", "timestamp": 1774496036953, "page": "home", "extra_data": {}}
{"event_type": "page_view", "user_id": "andy001", "device_id": "dev_andy001_7", "timestamp": 1774496038000, "page": "product_1005", "extra_data": {"product_id": 1005, "price": 29}}
{"event_type": "add_to_cart", "user_id": "andy001", "device_id": "dev_andy001_7", "timestamp": 1774496042893, "page": "product_1005", "extra_data": {"product_id": 1005, "price": 29, "quantity": 1}}
{"event_type": "page_view", "user_id": "andy001", "device_id": "dev_andy001_7", "timestamp": 1774496045177, "page": "product_1001", "extra_data": {"product_id": 1001, "price": 67}}
{"event_type": "add_to_cart", "user_id": "andy001", "device_id": "dev_andy001_7", "timestamp": 1774496048342, "page": "product_1001", "extra_data": {"product_id": 1001, "price": 67, "quantity": 3}}
{"event_type": "page_view", "user_id": "andy001", "device_id": "dev_andy001_7", "timestamp": 1774496051207, "page": "product_1048", "extra_data": {"product_id": 1048, "price": 86}}
{"event_type": "page_view", "user_id": "andy001", "device_id": "dev_andy001_7", "timestamp": 1774496056062, "page": "product_1018", "extra_data": {"product_id": 1018, "price": 45}}
{"event_type": "app_launch", "user_id": "nihao003", "device_id": "dev_nihao003_23", "timestamp": 1774496735000, "page": "home", "extra_data": {"source": "direct"}}
{"event_type": "page_view", "user_id": "nihao003", "device_id": "dev_nihao003_23", "timestamp": 1774496736027, "page": "home", "extra_data": {}}
{"event_type": "page_view", "user_id": "nihao003", "device_id": "dev_nihao003_23", "timestamp": 1774496738000, "page": "product_1043", "extra_data": {"product_id": 1043, "price": 22}}
{"event_type": "click", "user_id": "nihao003", "device_id": "dev_nihao003_23", "timestamp": 1774496740464, "page": "product_1043", "extra_data": {"product_id": 1043, "element": "image"}}
{"event_type": "add_to_cart", "user_id": "nihao003", "device_id": "dev_nihao003_23", "timestamp": 1774496741627, "page": "product_1043", "extra_data": {"product_id": 1043, "price": 22, "quantity": 3}}
{"event_type": "page_view", "user_id": "nihao003", "device_id": "dev_nihao003_23", "timestamp": 1774496745518, "page": "product_1040", "extra_data": {"product_id": 1040, "price": 11}}
{"event_type": "click", "user_id": "nihao003", "device_id": "dev_nihao003_23", "timestamp": 1774496748475, "page": "product_1040", "extra_data": {"product_id": 1040, "element": "image"}}
{"event_type": "add_to_cart", "user_id": "nihao003", "device_id": "dev_nihao003_23", "timestamp": 1774496749529, "page": "product_1040", "extra_data": {"product_id": 1040, "price": 11, "quantity": 1}}
{"event_type": "page_view", "user_id": "nihao003", "device_id": "dev_nihao003_23", "timestamp": 1774496752194, "page": "product_1041", "extra_data": {"product_id": 1041, "price": 97}}
{"event_type": "click", "user_id": "nihao003", "device_id": "dev_nihao003_23", "timestamp": 1774496757116, "page": "product_1041", "extra_data": {"product_id": 1041, "element": "image"}}
{"event_type": "add_to_cart", "user_id": "nihao003", "device_id": "dev_nihao003_23", "timestamp": 1774496759737, "page": "product_1041", "extra_data": {"product_id": 1041, "price": 97, "quantity": 3}}
{"event_type": "page_view", "user_id": "nihao003", "device_id": "dev_nihao003_23", "timestamp": 1774496763559, "page": "product_1042", "extra_data": {"product_id": 1042, "price": 33}}
{"event_type": "app_launch", "user_id": "nihao", "device_id": "dev_nihao_4", "timestamp": 1774520366000, "page": "home", "extra_data": {"source": "direct"}}
{"event_type": "page_view", "user_id": "nihao", "device_id": "dev_nihao_4", "timestamp": 1774520367833, "page": "home", "extra_data": {}}
{"event_type": "page_view", "user_id": "nihao", "device_id": "dev_nihao_4", "timestamp": 1774520369000, "page": "product_1020", "extra_data": {"product_id": 1020, "price": 49}}
{"event_type": "page_view", "user_id": "nihao", "device_id": "dev_nihao_4", "timestamp": 1774520372731, "page": "product_1007", "extra_data": {"product_id": 1007, "price": 59}}
{"event_type": "page_view", "user_id": "nihao", "device_id": "dev_nihao_4", "timestamp": 1774520377313, "page": "product_1006", "extra_data": {"product_id": 1006, "price": 33}}
{"event_type": "click", "user_id": "nihao", "device_id": "dev_nihao_4", "timestamp": 1774520381515, "page": "product_1006", "extra_data": {"product_id": 1006, "element": "image"}}
{"event_type": "app_launch", "user_id": "admin", "device_id": "dev_admin_11", "timestamp": 1774520925000, "page": "home", "extra_data": {"source": "direct"}}
{"event_type": "page_view", "user_id": "admin", "device_id": "dev_admin_11", "timestamp": 1774520926233, "page": "home", "extra_data": {}}
{"event_type": "page_view", "user_id": "admin", "device_id": "dev_admin_11", "timestamp": 1774520928000, "page": "product_1051", "extra_data": {"product_id": 1051, "price": 100}}
{"event_type": "page_view", "user_id": "admin", "device_id": "dev_admin_11", "timestamp": 1774520932132, "page": "product_1050", "extra_data": {"product_id": 1050, "price": 42}}
{"event_type": "add_to_cart", "user_id": "admin", "device_id": "dev_admin_11", "timestamp": 1774520937004, "page": "product_1050", "extra_data": {"product_id": 1050, "price": 42, "quantity": 2}}
{"event_type": "page_view", "user_id": "admin", "device_id": "dev_admin_11", "timestamp": 1774520939210, "page": "product_1004", "extra_data": {"product_id": 1004, "price": 34}}
{"event_type": "click", "user_id": "admin", "device_id": "dev_admin_11", "timestamp": 1774520944051, "page": "product_1004", "extra_data": {"product_id": 1004, "element": "image"}}
{"event_type": "page_view", "user_id": "admin", "device_id": "dev_admin_11", "timestamp": 1774520945108, "page": "product_1022", "extra_data": {"product_id": 1022, "price": 58}}
{"event_type": "click", "user_id": "admin", "device_id": "dev_admin_11", "timestamp": 1774520948090, "page": "product_1022", "extra_data": {"product_id": 1022, "element": "image"}}
{"event_type": "purchase", "user_id": "admin", "device_id": "dev_admin_11", "timestamp": 1774520950419, "page": "checkout", "extra_data": {"products": [{"product_id": 1050, "price": 42, "quantity": 2}], "total_amount": 84}}
{"event_type": "app_launch", "user_id": "renwei", "device_id": "dev_renwei_22", "timestamp": 1774574221000, "page": "home", "extra_data": {"source": "direct"}}
{"event_type": "page_view", "user_id": "renwei", "device_id": "dev_renwei_22", "timestamp": 1774574221975, "page": "home", "extra_data": {}}
{"event_type": "page_view", "user_id": "renwei", "device_id": "dev_renwei_22", "timestamp": 1774574224000, "page": "product_1013", "extra_data": {"product_id": 1013, "price": 75}}
{"event_type": "add_to_cart", "user_id": "renwei", "device_id": "dev_renwei_22", "timestamp": 1774574227526, "page": "product_1013", "extra_data": {"product_id": 1013, "price": 75, "quantity": 3}}
{"event_type": "page_view", "user_id": "renwei", "device_id": "dev_renwei_22", "timestamp": 1774574231223, "page": "product_1011", "extra_data": {"product_id": 1011, "price": 58}}
{"event_type": "add_to_cart", "user_id": "renwei", "device_id": "dev_renwei_22", "timestamp": 1774574234035, "page": "product_1011", "extra_data": {"product_id": 1011, "price": 58, "quantity": 2}}
{"event_type": "purchase", "user_id": "renwei", "device_id": "dev_renwei_22", "timestamp": 1774574237364, "page": "checkout", "extra_data": {"products": [{"product_id": 1011, "price": 58, "quantity": 2}], "total_amount": 116}}
{"event_type": "app_launch", "user_id": "nihao004", "device_id": "dev_nihao004_6", "timestamp": 1774577873000, "page": "home", "extra_data": {"source": "direct"}}
{"event_type": "page_view", "user_id": "nihao004", "device_id": "dev_nihao004_6", "timestamp": 1774577874808, "page": "home", "extra_data": {}}
{"event_type": "page_view", "user_id": "nihao004", "device_id": "dev_nihao004_6", "timestamp": 1774577876000, "page": "product_1014", "extra_data": {"product_id": 1014, "price": 89}}
{"event_type": "click", "user_id": "nihao004", "device_id": "dev_nihao004_6", "timestamp": 1774577880282, "page": "product_1014", "extra_data": {"product_id": 1014, "element": "image"}}
{"event_type": "page_view", "user_id": "nihao004", "device_id": "dev_nihao004_6", "timestamp": 1774577881644, "page": "product_1001", "extra_data": {"product_id": 1001, "price": 67}}
{"event_type": "page_view", "user_id": "nihao004", "device_id": "dev_nihao004_6", "timestamp": 1774577884270, "page": "product_1030", "extra_data": {"product_id": 1030, "price": 17}}
{"event_type": "add_to_cart", "user_id": "nihao004", "device_id": "dev_nihao004_6", "timestamp": 1774577886652, "page": "product_1030", "extra_data": {"product_id": 1030, "price": 17, "quantity": 2}}
{"event_type": "page_view", "user_id": "nihao004", "device_id": "dev_nihao004_6", "timestamp": 1774577889366, "page": "product_1010", "extra_data": {"product_id": 1010, "price": 18}}
{"event_type": "click", "user_id": "nihao004", "device_id": "dev_nihao004_6", "timestamp": 1774577892904, "page": "product_1010", "extra_data": {"product_id": 1010, "element": "image"}}
{"event_type": "app_launch", "user_id": "nihao002", "device_id": "dev_nihao002_25", "timestamp": 1774588199000, "page": "home", "extra_data": {"source": "direct"}}
{"event_type": "page_view", "user_id": "nihao002", "device_id": "dev_nihao002_25", "timestamp": 1774588200193, "page": "home", "extra_data": {}}
{"event_type": "page_view", "user_id": "nihao002", "device_id": "dev_nihao002_25", "timestamp": 1774588202000, "page": "product_1033", "extra_data": {"product_id": 1033, "price": 35}}
{"event_type": "click", "user_id": "nihao002", "device_id": "dev_nihao002_25", "timestamp": 1774588205759, "page": "product_1033", "extra_data": {"product_id": 1033, "element": "image"}}
{"event_type": "page_view", "user_id": "nihao002", "device_id": "dev_nihao002_25", "timestamp": 1774588207758, "page": "product_1034", "extra_data": {"product_id": 1034, "price": 73}}
{"event_type": "add_to_cart", "user_id": "nihao002", "device_id": "dev_nihao002_25", "timestamp": 1774588210461, "page": "product_1034", "extra_data": {"product_id": 1034, "price": 73, "quantity": 2}}
{"event_type": "page_view", "user_id": "nihao002", "device_id": "dev_nihao002_25", "timestamp": 1774588212559, "page": "product_1042", "extra_data": {"product_id": 1042, "price": 33}}
{"event_type": "click", "user_id": "nihao002", "device_id": "dev_nihao002_25", "timestamp": 1774588216113, "page": "product_1042", "extra_data": {"product_id": 1042, "element": "image"}}
{"event_type": "purchase", "user_id": "nihao002", "device_id": "dev_nihao002_25", "timestamp": 1774588218870, "page": "checkout", "extra_data": {"products": [{"product_id": 1034, "price": 73, "quantity": 2}], "total_amount": 146}}
{"event_type": "app_launch", "user_id": "nihao003", "device_id": "dev_nihao003_9", "timestamp": 1774595520000, "page": "home", "extra_data": {"source": "direct"}}
{"event_type": "page_view", "user_id": "nihao003", "device_id": "dev_nihao003_9", "timestamp": 1774595521870, "page": "home", "extra_data": {}}
{"event_type": "page_view", "user_id": "nihao003", "device_id": "dev_nihao003_9", "timestamp": 1774595523000, "page": "product_1054", "extra_data": {"product_id": 1054, "price": 93}}
{"event_type": "page_view", "user_id": "nihao003", "device_id": "dev_nihao003_9", "timestamp": 1774595527292, "page": "product_1017", "extra_data": {"product_id": 1017, "price": 34}}
{"event_type": "click", "user_id": "nihao003", "device_id": "dev_nihao003_9", "timestamp": 1774595530492, "page": "product_1017", "extra_data": {"product_id": 1017, "element": "image"}}
{"event_type": "page_view", "user_id": "nihao003", "device_id": "dev_nihao003_9", "timestamp": 1774595533251, "page": "product_1041", "extra_data": {"product_id": 1041, "price": 97}}
{"event_type": "app_launch", "user_id": "nihao002", "device_id": "dev_nihao002_9", "timestamp": 1774598961000, "page": "home", "extra_data": {"source": "direct"}}
{"event_type": "page_view", "user_id": "nihao002", "device_id": "dev_nihao002_9", "timestamp": 1774598962808, "page": "home", "extra_data": {}}
{"event_type": "page_view", "user_id": "nihao002", "device_id": "dev_nihao002_9", "timestamp": 1774598964000, "page": "product_1031", "extra_data": {"product_id": 1031, "price": 27}}
{"event_type": "add_to_cart", "user_id": "nihao002", "device_id": "dev_nihao002_9", "timestamp": 1774598968695, "page": "product_1031", "extra_data": {"product_id": 1031, "price": 27, "quantity": 1}}
{"event_type": "page_view", "user_id": "nihao002", "device_id": "dev_nihao002_9", "timestamp": 1774598972387, "page": "product_1034", "extra_data": {"product_id": 1034, "price": 73}}
{"event_type": "add_to_cart", "user_id": "nihao002", "device_id": "dev_nihao002_9", "timestamp": 1774598976383, "page": "product_1034", "extra_data": {"product_id": 1034, "price": 73, "quantity": 2}}
{"event_type": "page_view", "user_id": "nihao002", "device_id": "dev_nihao002_9", "timestamp": 1774598978517, "page": "product_1030", "extra_data": {"product_id": 1030, "price": 17}}
{"event_type": "add_to_cart", "user_id": "nihao002", "device_id": "dev_nihao002_9", "timestamp": 1774598981376, "page": "product_1030", "extra_data": {"product_id": 1030, "price": 17, "quantity": 3}}
{"event_type": "page_view", "user_id": "nihao002", "device_id": "dev_nihao002_9", "timestamp": 1774598985146, "page": "product_1053", "extra_data": {"product_id": 1053, "price": 11}}
{"event_type": "app_launch", "user_id": "nihao", "device_id": "dev_nihao_15", "timestamp": 1774603735000, "page": "home", "extra_data": {"source": "direct"}}
{"event_type": "page_view", "user_id": "nihao", "device_id": "dev_nihao_15", "timestamp": 1774603736401, "page": "home", "extra_data": {}}
{"event_type": "page_view", "user_id": "nihao", "device_id": "dev_nihao_15", "timestamp": 1774603738000, "page": "product_1022", "extra_data": {"product_id": 1022, "price": 58}}
{"event_type": "add_to_cart", "user_id": "nihao", "device_id": "dev_nihao_15", "timestamp": 1774603742124, "page": "product_1022", "extra_data": {"product_id": 1022, "price": 58, "quantity": 2}}
{"event_type": "page_view", "user_id": "nihao", "device_id": "dev_nihao_15", "timestamp": 1774603745601, "page": "product_1058", "extra_data": {"product_id": 1058, "price": 18}}
{"event_type": "click", "user_id": "nihao", "device_id": "dev_nihao_15", "timestamp": 1774603750143, "page": "product_1058", "extra_data": {"product_id": 1058, "element": "image"}}
{"event_type": "page_view", "user_id": "nihao", "device_id": "dev_nihao_15", "timestamp": 1774603752374, "page": "product_1032", "extra_data": {"product_id": 1032, "price": 58}}
{"event_type": "page_view", "user_id": "nihao", "device_id": "dev_nihao_15", "timestamp": 1774603754472, "page": "product_1023", "extra_data": {"product_id": 1023, "price": 96}}
{"event_type": "click", "user_id": "nihao", "device_id": "dev_nihao_15", "timestamp": 1774603758965, "page": "product_1023", "extra_data": {"product_id": 1023, "element": "image"}}
{"event_type": "add_to_cart", "user_id": "nihao", "device_id": "dev_nihao_15", "timestamp": 1774603760952, "page": "product_1023", "extra_data": {"product_id": 1023, "price": 96, "quantity": 1}}
{"event_type": "app_launch", "user_id": "renwei", "device_id": "dev_renwei_9", "timestamp": 1774604298000, "page": "home", "extra_data": {"source": "direct"}}
{"event_type": "page_view", "user_id": "renwei", "device_id": "dev_renwei_9", "timestamp": 1774604298841, "page": "home", "extra_data": {}}
{"event_type": "page_view", "user_id": "renwei", "device_id": "dev_renwei_9", "timestamp": 1774604301000, "page": "product_1014", "extra_data": {"product_id": 1014, "price": 89}}
{"event_type": "add_to_cart", "user_id": "renwei", "device_id": "dev_renwei_9", "timestamp": 1774604303468, "page": "product_1014", "extra_data": {"product_id": 1014, "price": 89, "quantity": 2}}
{"event_type": "page_view", "user_id": "renwei", "device_id": "dev_renwei_9", "timestamp": 1774604305516, "page": "product_1038", "extra_data": {"product_id": 1038, "price": 15}}
{"event_type": "click", "user_id": "renwei", "device_id": "dev_renwei_9", "timestamp": 1774604308834, "page": "product_1038", "extra_data": {"product_id": 1038, "element": "image"}}
{"event_type": "add_to_cart", "user_id": "renwei", "device_id": "dev_renwei_9", "timestamp": 1774604311242, "page": "product_1038", "extra_data": {"product_id": 1038, "price": 15, "quantity": 3}}
{"event_type": "page_view", "user_id": "renwei", "device_id": "dev_renwei_9", "timestamp": 1774604314961, "page": "product_1011", "extra_data": {"product_id": 1011, "price": 58}}
{"event_type": "click", "user_id": "renwei", "device_id": "dev_renwei_9", "timestamp": 1774604317012, "page": "product_1011", "extra_data": {"product_id": 1011, "element": "image"}}
{"event_type": "add_to_cart", "user_id": "renwei", "device_id": "dev_renwei_9", "timestamp": 1774604318913, "page": "product_1011", "extra_data": {"product_id": 1011, "price": 58, "quantity": 2}}
{"event_type": "page_view", "user_id": "renwei", "device_id": "dev_renwei_9", "timestamp": 1774604321924, "page": "product_1055", "extra_data": {"product_id": 1055, "price": 46}}
{"event_type": "click", "user_id": "renwei", "device_id": "dev_renwei_9", "timestamp": 1774604324479, "page": "product_1055", "extra_data": {"product_id": 1055, "element": "image"}}
{"event_type": "page_view", "user_id": "renwei", "device_id": "dev_renwei_9", "timestamp": 1774604327333, "page": "product_1012", "extra_data": {"product_id": 1012, "price": 26}}
{"event_type": "click", "user_id": "renwei", "device_id": "dev_renwei_9", "timestamp": 1774604330272, "page": "product_1012", "extra_data": {"product_id": 1012, "element": "image"}}
{"event_type": "add_to_cart", "user_id": "renwei", "device_id": "dev_renwei_9", "timestamp": 1774604331690, "page": "product_1012", "extra_data": {"product_id": 1012, "price": 26, "quantity": 2}}
{"event_type": "page_view", "user_id": "renwei", "device_id": "dev_renwei_9", "timestamp": 1774604335198, "page": "product_1010", "extra_data": {"product_id": 1010, "price": 18}}
{"event_type": "purchase", "user_id": "renwei", "device_id": "dev_renwei_9", "timestamp": 1774604337596, "page": "checkout", "extra_data": {"products": [{"product_id": 1038, "price": 15, "quantity": 3}, {"product_id": 1011, "price": 58, "quantity": 2}], "total_amount": 161}}
{"event_type": "app_launch", "user_id": "andy001", "device_id": "dev_andy001_1", "timestamp": 1774613429000, "page": "home", "extra_data": {"source": "direct"}}
{"event_type": "page_view", "user_id": "andy001", "device_id": "dev_andy001_1", "timestamp": 1774613429719, "page": "home", "extra_data": {}}
{"event_type": "page_view", "user_id": "andy001", "device_id": "dev_andy001_1", "timestamp": 1774613432000, "page": "product_1002", "extra_data": {"product_id": 1002, "price": 18}}
{"event_type": "click", "user_id": "andy001", "device_id": "dev_andy001_1", "timestamp": 1774613434766, "page": "product_1002", "extra_data": {"product_id": 1002, "element": "image"}}
{"event_type": "add_to_cart", "user_id": "andy001", "device_id": "dev_andy001_1", "timestamp": 1774613435823, "page": "product_1002", "extra_data": {"product_id": 1002, "price": 18, "quantity": 1}}
{"event_type": "page_view", "user_id": "andy001", "device_id": "dev_andy001_1", "timestamp": 1774613439176, "page": "product_1004", "extra_data": {"product_id": 1004, "price": 34}}
{"event_type": "click", "user_id": "andy001", "device_id": "dev_andy001_1", "timestamp": 1774613442728, "page": "product_1004", "extra_data": {"product_id": 1004, "element": "image"}}
{"event_type": "add_to_cart", "user_id": "andy001", "device_id": "dev_andy001_1", "timestamp": 1774613445353, "page": "product_1004", "extra_data": {"product_id": 1004, "price": 34, "quantity": 2}}
{"event_type": "page_view", "user_id": "andy001", "device_id": "dev_andy001_1", "timestamp": 1774613447686, "page": "product_1052", "extra_data": {"product_id": 1052, "price": 15}}
{"event_type": "page_view", "user_id": "andy001", "device_id": "dev_andy001_1", "timestamp": 1774613452095, "page": "product_1003", "extra_data": {"product_id": 1003, "price": 23}}
{"event_type": "add_to_cart", "user_id": "andy001", "device_id": "dev_andy001_1", "timestamp": 1774613455668, "page": "product_1003", "extra_data": {"product_id": 1003, "price": 23, "quantity": 3}}
{"event_type": "page_view", "user_id": "andy001", "device_id": "dev_andy001_1", "timestamp": 1774613458877, "page": "product_1013", "extra_data": {"product_id": 1013, "price": 75}}
{"event_type": "click", "user_id": "andy001", "device_id": "dev_andy001_1", "timestamp": 1774613462872, "page": "product_1013", "extra_data": {"product_id": 1013, "element": "image"}}
{"event_type": "add_to_cart", "user_id": "andy001", "device_id": "dev_andy001_1", "timestamp": 1774613465328, "page": "product_1013", "extra_data": {"product_id": 1013, "price": 75, "quantity": 3}}
{"event_type": "app_launch", "user_id": "test005", "device_id": "dev_test005_7", "timestamp": 1774614037000, "page": "home", "extra_data": {"source": "direct"}}
{"event_type": "page_view", "user_id": "test005", "device_id": "dev_test005_7", "timestamp": 1774614037610, "page": "home", "extra_data": {}}
{"event_type": "page_view", "user_id": "test005", "device_id": "dev_test005_7", "timestamp": 1774614040000, "page": "product_1038", "extra_data": {"product_id": 1038, "price": 15}}
{"event_type": "click", "user_id": "test005", "device_id": "dev_test005_7", "timestamp": 1774614042298, "page": "product_1038", "extra_data": {"product_id": 1038, "element": "image"}}
{"event_type": "page_view", "user_id": "test005", "device_id": "dev_test005_7", "timestamp": 1774614044548, "page": "product_1002", "extra_data": {"product_id": 1002, "price": 18}}
{"event_type": "add_to_cart", "user_id": "test005", "device_id": "dev_test005_7", "timestamp": 1774614048780, "page": "product_1002", "extra_data": {"product_id": 1002, "price": 18, "quantity": 2}}
{"event_type": "page_view", "user_id": "test005", "device_id": "dev_test005_7", "timestamp": 1774614051008, "page": "product_1008", "extra_data": {"product_id": 1008, "price": 23}}
{"event_type": "add_to_cart", "user_id": "test005", "device_id": "dev_test005_7", "timestamp": 1774614053071, "page": "product_1008", "extra_data": {"product_id": 1008, "price": 23, "quantity": 3}}
{"event_type": "page_view", "user_id": "test005", "device_id": "dev_test005_7", "timestamp": 1774614055339, "page": "product_1020", "extra_data": {"product_id": 1020, "price": 49}}
{"event_type": "click", "user_id": "test005", "device_id": "dev_test005_7", "timestamp": 1774614057947, "page": "product_1020", "extra_data": {"product_id": 1020, "element": "image"}}
{"event_type": "page_view", "user_id": "test005", "device_id": "dev_test005_7", "timestamp": 1774614060513, "page": "product_1028", "extra_data": {"product_id": 1028, "price": 21}}
{"event_type": "page_view", "user_id": "test005", "device_id": "dev_test005_7", "timestamp": 1774614063696, "page": "product_1042", "extra_data": {"product_id": 1042, "price": 33}}
{"event_type": "click", "user_id": "test005", "device_id": "dev_test005_7", "timestamp": 1774614068006, "page": "product_1042", "extra_data": {"product_id": 1042, "element": "image"}}
{"event_type": "page_view", "user_id": "test005", "device_id": "dev_test005_7", "timestamp": 1774614069867, "page": "product_1014", "extra_data": {"product_id": 1014, "price": 89}}
{"event_type": "purchase", "user_id": "test005", "device_id": "dev_test005_7", "timestamp": 1774614072087, "page": "checkout", "extra_data": {"products": [{"product_id": 1008, "price": 23, "quantity": 3}, {"product_id": 1002, "price": 18, "quantity": 2}], "total_amount": 105}}
{"event_type": "app_launch", "user_id": "nihao004", "device_id": "dev_nihao004_7", "timestamp": 1774614939000, "page": "home", "extra_data": {"source": "direct"}}
{"event_type": "page_view", "user_id": "nihao004", "device_id": "dev_nihao004_7", "timestamp": 1774614939678, "page": "home", "extra_data": {}}
{"event_type": "page_view", "user_id": "nihao004", "device_id": "dev_nihao004_7", "timestamp": 1774614942000, "page": "product_1040", "extra_data": {"product_id": 1040, "price": 11}}
{"event_type": "click", "user_id": "nihao004", "device_id": "dev_nihao004_7", "timestamp": 1774614946438, "page": "product_1040", "extra_data": {"product_id": 1040, "element": "image"}}
{"event_type": "add_to_cart", "user_id": "nihao004", "device_id": "dev_nihao004_7", "timestamp": 1774614949150, "page": "product_1040", "extra_data": {"product_id": 1040, "price": 11, "quantity": 1}}
{"event_type": "page_view", "user_id": "nihao004", "device_id": "dev_nihao004_7", "timestamp": 1774614952732, "page": "product_1020", "extra_data": {"product_id": 1020, "price": 49}}
{"event_type": "click", "user_id": "nihao004", "device_id": "dev_nihao004_7", "timestamp": 1774614956903, "page": "product_1020", "extra_data": {"product_id": 1020, "element": "image"}}
{"event_type": "page_view", "user_id": "nihao004", "device_id": "dev_nihao004_7", "timestamp": 1774614959152, "page": "product_1001", "extra_data": {"product_id": 1001, "price": 67}}
{"event_type": "click", "user_id": "nihao004", "device_id": "dev_nihao004_7", "timestamp": 1774614961782, "page": "product_1001", "extra_data": {"product_id": 1001, "element": "image"}}
{"event_type": "page_view", "user_id": "nihao004", "device_id": "dev_nihao004_7", "timestamp": 1774614964275, "page": "product_1007", "extra_data": {"product_id": 1007, "price": 59}}
{"event_type": "click", "user_id": "nihao004", "device_id": "dev_nihao004_7", "timestamp": 1774614968678, "page": "product_1007", "extra_data": {"product_id": 1007, "element": "image"}}
{"event_type": "app_launch", "user_id": "nihao003", "device_id": "dev_nihao003_22", "timestamp": 1774617664000, "page": "home", "extra_data": {"source": "direct"}}
{"event_type": "page_view", "user_id": "nihao003", "device_id": "dev_nihao003_22", "timestamp": 1774617664719, "page": "home", "extra_data": {}}
{"event_type": "page_view", "user_id": "nihao003", "device_id": "dev_nihao003_22", "timestamp": 1774617667000, "page": "product_1042", "extra_data": {"product_id": 1042, "price": 33}}
{"event_type": "click", "user_id": "nihao003", "device_id": "dev_nihao003_22", "timestamp": 1774617669108, "page": "product_1042", "extra_data": {"product_id": 1042, "element": "image"}}
{"event_type": "page_view", "user_id": "nihao003", "device_id": "dev_nihao003_22", "timestamp": 1774617670458, "page": "product_1055", "extra_data": {"product_id": 1055, "price": 46}}
{"event_type": "page_view", "user_id": "nihao003", "device_id": "dev_nihao003_22", "timestamp": 1774617674228, "page": "product_1044", "extra_data": {"product_id": 1044, "price": 17}}
{"event_type": "click", "user_id": "nihao003", "device_id": "dev_nihao003_22", "timestamp": 1774617678103, "page": "product_1044", "extra_data": {"product_id": 1044, "element": "image"}}
{"event_type": "add_to_cart", "user_id": "nihao003", "device_id": "dev_nihao003_22", "timestamp": 1774617680993, "page": "product_1044", "extra_data": {"product_id": 1044, "price": 17, "quantity": 2}}
{"event_type": "page_view", "user_id": "nihao003", "device_id": "dev_nihao003_22", "timestamp": 1774617684378, "page": "product_1018", "extra_data": {"product_id": 1018, "price": 45}}
{"event_type": "click", "user_id": "nihao003", "device_id": "dev_nihao003_22", "timestamp": 1774617687080, "page": "product_1018", "extra_data": {"product_id": 1018, "element": "image"}}
{"event_type": "add_to_cart", "user_id": "nihao003", "device_id": "dev_nihao003_22", "timestamp": 1774617690067, "page": "product_1018", "extra_data": {"product_id": 1018, "price": 45, "quantity": 1}}
{"event_type": "page_view", "user_id": "nihao003", "device_id": "dev_nihao003_22", "timestamp": 1774617693984, "page": "product_1040", "extra_data": {"product_id": 1040, "price": 11}}
{"event_type": "click", "user_id": "nihao003", "device_id": "dev_nihao003_22", "timestamp": 1774617698612, "page": "product_1040", "extra_data": {"product_id": 1040, "element": "image"}}
{"event_type": "page_view", "user_id": "nihao003", "device_id": "dev_nihao003_22", "timestamp": 1774617700535, "page": "product_1041", "extra_data": {"product_id": 1041, "price": 97}}
{"event_type": "click", "user_id": "nihao003", "device_id": "dev_nihao003_22", "timestamp": 1774617705417, "page": "product_1041", "extra_data": {"product_id": 1041, "element": "image"}}
{"event_type": "add_to_cart", "user_id": "nihao003", "device_id": "dev_nihao003_22", "timestamp": 1774617708148, "page": "product_1041", "extra_data": {"product_id": 1041, "price": 97, "quantity": 3}}
{"event_type": "purchase", "user_id": "nihao003", "device_id": "dev_nihao003_22", "timestamp": 1774617711256, "page": "checkout", "extra_data": {"products": [{"product_id": 1018, "price": 45, "quantity": 1}], "total_amount": 45}}
{"event_type": "app_launch", "user_id": "nihao002", "device_id": "dev_nihao002_12", "timestamp": 1774658247000, "page": "home", "extra_data": {"source": "direct"}}
{"event_type": "page_view", "user_id": "nihao002", "device_id": "dev_nihao002_12", "timestamp": 1774658248361, "page": "home", "extra_data": {}}
{"event_type": "page_view", "user_id": "nihao002", "device_id": "dev_nihao002_12", "timestamp": 1774658250000, "page": "product_1032", "extra_data": {"product_id": 1032, "price": 58}}
{"event_type": "click", "user_id": "nihao002", "device_id": "dev_nihao002_12", "timestamp": 1774658253933, "page": "product_1032", "extra_data": {"product_id": 1032, "element": "image"}}
{"event_type": "add_to_cart", "user_id": "nihao002", "device_id": "dev_nihao002_12", "timestamp": 1774658255419, "page": "product_1032", "extra_data": {"product_id": 1032, "price": 58, "quantity": 2}}
{"event_type": "page_view", "user_id": "nihao002", "device_id": "dev_nihao002_12", "timestamp": 1774658258987, "page": "product_1034", "extra_data": {"product_id": 1034, "price": 73}}
{"event_type": "click", "user_id": "nihao002", "device_id": "dev_nihao002_12", "timestamp": 1774658261021, "page": "product_1034", "extra_data": {"product_id": 1034, "element": "image"}}
{"event_type": "page_view", "user_id": "nihao002", "device_id": "dev_nihao002_12", "timestamp": 1774658263304, "page": "product_1033", "extra_data": {"product_id": 1033, "price": 35}}
{"event_type": "click", "user_id": "nihao002", "device_id": "dev_nihao002_12", "timestamp": 1774658267619, "page": "product_1033", "extra_data": {"product_id": 1033, "element": "image"}}
{"event_type": "add_to_cart", "user_id": "nihao002", "device_id": "dev_nihao002_12", "timestamp": 1774658270537, "page": "product_1033", "extra_data": {"product_id": 1033, "price": 35, "quantity": 3}}
{"event_type": "page_view", "user_id": "nihao002", "device_id": "dev_nihao002_12", "timestamp": 1774658273740, "page": "product_1030", "extra_data": {"product_id": 1030, "price": 17}}
{"event_type": "click", "user_id": "nihao002", "device_id": "dev_nihao002_12", "timestamp": 1774658276983, "page": "product_1030", "extra_data": {"product_id": 1030, "element": "image"}}
{"event_type": "add_to_cart", "user_id": "nihao002", "device_id": "dev_nihao002_12", "timestamp": 1774658278814, "page": "product_1030", "extra_data": {"product_id": 1030, "price": 17, "quantity": 3}}
{"event_type": "app_launch", "user_id": "nihao003", "device_id": "dev_nihao003_19", "timestamp": 1774658390000, "page": "home", "extra_data": {"source": "direct"}}
{"event_type": "page_view", "user_id": "nihao003", "device_id": "dev_nihao003_19", "timestamp": 1774658391647, "page": "home", "extra_data": {}}
{"event_type": "page_view", "user_id": "nihao003", "device_id": "dev_nihao003_19", "timestamp": 1774658393000, "page": "product_1053", "extra_data": {"product_id": 1053, "price": 11}}
{"event_type": "page_view", "user_id": "nihao003", "device_id": "dev_nihao003_19", "timestamp": 1774658397603, "page": "product_1041", "extra_data": {"product_id": 1041, "price": 97}}
{"event_type": "add_to_cart", "user_id": "nihao003", "device_id": "dev_nihao003_19", "timestamp": 1774658402256, "page": "product_1041", "extra_data": {"product_id": 1041, "price": 97, "quantity": 2}}
{"event_type": "page_view", "user_id": "nihao003", "device_id": "dev_nihao003_19", "timestamp": 1774658405857, "page": "product_1043", "extra_data": {"product_id": 1043, "price": 22}}
{"event_type": "add_to_cart", "user_id": "nihao003", "device_id": "dev_nihao003_19", "timestamp": 1774658409982, "page": "product_1043", "extra_data": {"product_id": 1043, "price": 22, "quantity": 2}}
{"event_type": "page_view", "user_id": "nihao003", "device_id": "dev_nihao003_19", "timestamp": 1774658412083, "page": "product_1045", "extra_data": {"product_id": 1045, "price": 15}}
{"event_type": "add_to_cart", "user_id": "nihao003", "device_id": "dev_nihao003_19", "timestamp": 1774658414766, "page": "product_1045", "extra_data": {"product_id": 1045, "price": 15, "quantity": 2}}
{"event_type": "page_view", "user_id": "nihao003", "device_id": "dev_nihao003_19", "timestamp": 1774658418347, "page": "product_1024", "extra_data": {"product_id": 1024, "price": 79}}
{"event_type": "click", "user_id": "nihao003", "device_id": "dev_nihao003_19", "timestamp": 1774658420982, "page": "product_1024", "extra_data": {"product_id": 1024, "element": "image"}}
{"event_type": "page_view", "user_id": "nihao003", "device_id": "dev_nihao003_19", "timestamp": 1774658423308, "page": "product_1044", "extra_data": {"product_id": 1044, "price": 17}}
{"event_type": "click", "user_id": "nihao003", "device_id": "dev_nihao003_19", "timestamp": 1774658425357, "page": "product_1044", "extra_data": {"product_id": 1044, "element": "image"}}
{"event_type": "page_view", "user_id": "nihao003", "device_id": "dev_nihao003_19", "timestamp": 1774658427234, "page": "product_1018", "extra_data": {"product_id": 1018, "price": 45}}
{"event_type": "add_to_cart", "user_id": "nihao003", "device_id": "dev_nihao003_19", "timestamp": 1774658429396, "page": "product_1018", "extra_data": {"product_id": 1018, "price": 45, "quantity": 2}}
{"event_type": "app_launch", "user_id": "nihao005", "device_id": "dev_nihao005_24", "timestamp": 1774660369000, "page": "home", "extra_data": {"source": "direct"}}
{"event_type": "page_view", "user_id": "nihao005", "device_id": "dev_nihao005_24", "timestamp": 1774660369643, "page": "home", "extra_data": {}}
{"event_type": "page_view", "user_id": "nihao005", "device_id": "dev_nihao005_24", "timestamp": 1774660372000, "page": "product_1001", "extra_data": {"product_id": 1001, "price": 67}}
{"event_type": "page_view", "user_id": "nihao005", "device_id": "dev_nihao005_24", "timestamp": 1774660376539, "page": "product_1005", "extra_data": {"product_id": 1005, "price": 29}}
{"event_type": "add_to_cart", "user_id": "nihao005", "device_id": "dev_nihao005_24", "timestamp": 1774660379310, "page": "product_1005", "extra_data": {"product_id": 1005, "price": 29, "quantity": 1}}
{"event_type": "page_view", "user_id": "nihao005", "device_id": "dev_nihao005_24", "timestamp": 1774660382070, "page": "product_1025", "extra_data": {"product_id": 1025, "price": 93}}
{"event_type": "page_view", "user_id": "nihao005", "device_id": "dev_nihao005_24", "timestamp": 1774660385228, "page": "product_1039", "extra_data": {"product_id": 1039, "price": 33}}
{"event_type": "click", "user_id": "nihao005", "device_id": "dev_nihao005_24", "timestamp": 1774660388330, "page": "product_1039", "extra_data": {"product_id": 1039, "element": "image"}}
{"event_type": "page_view", "user_id": "nihao005", "device_id": "dev_nihao005_24", "timestamp": 1774660389448, "page": "product_1046", "extra_data": {"product_id": 1046, "price": 22}}
{"event_type": "page_view", "user_id": "nihao005", "device_id": "dev_nihao005_24", "timestamp": 1774660392280, "page": "product_1036", "extra_data": {"product_id": 1036, "price": 11}}
{"event_type": "click", "user_id": "nihao005", "device_id": "dev_nihao005_24", "timestamp": 1774660395642, "page": "product_1036", "extra_data": {"product_id": 1036, "element": "image"}}
{"event_type": "app_launch", "user_id": "nihao002", "device_id": "dev_nihao002_17", "timestamp": 1774663760000, "page": "home", "extra_data": {"source": "direct"}}
{"event_type": "page_view", "user_id": "nihao002", "device_id": "dev_nihao002_17", "timestamp": 1774663760531, "page": "home", "extra_data": {}}
{"event_type": "page_view", "user_id": "nihao002", "device_id": "dev_nihao002_17", "timestamp": 1774663763000, "page": "product_1030", "extra_data": {"product_id": 1030, "price": 17}}
{"event_type": "click", "user_id": "nihao002", "device_id": "dev_nihao002_17", "timestamp": 1774663766455, "page": "product_1030", "extra_data": {"product_id": 1030, "element": "image"}}
{"event_type": "add_to_cart", "user_id": "nihao002", "device_id": "dev_nihao002_17", "timestamp": 1774663767759, "page": "product_1030", "extra_data": {"product_id": 1030, "price": 17, "quantity": 1}}
{"event_type": "page_view", "user_id": "nihao002", "device_id": "dev_nihao002_17", "timestamp": 1774663771281, "page": "product_1032", "extra_data": {"product_id": 1032, "price": 58}}
{"event_type": "add_to_cart", "user_id": "nihao002", "device_id": "dev_nihao002_17", "timestamp": 1774663774786, "page": "product_1032", "extra_data": {"product_id": 1032, "price": 58, "quantity": 2}}
{"event_type": "page_view", "user_id": "nihao002", "device_id": "dev_nihao002_17", "timestamp": 1774663777755, "page": "product_1021", "extra_data": {"product_id": 1021, "price": 89}}
{"event_type": "click", "user_id": "nihao002", "device_id": "dev_nihao002_17", "timestamp": 1774663780290, "page": "product_1021", "extra_data": {"product_id": 1021, "element": "image"}}
{"event_type": "add_to_cart", "user_id": "nihao002", "device_id": "dev_nihao002_17", "timestamp": 1774663782386, "page": "product_1021", "extra_data": {"product_id": 1021, "price": 89, "quantity": 1}}
{"event_type": "page_view", "user_id": "nihao002", "device_id": "dev_nihao002_17", "timestamp": 1774663785379, "page": "product_1031", "extra_data": {"product_id": 1031, "price": 27}}
{"event_type": "add_to_cart", "user_id": "nihao002", "device_id": "dev_nihao002_17", "timestamp": 1774663788772, "page": "product_1031", "extra_data": {"product_id": 1031, "price": 27, "quantity": 2}}
{"event_type": "purchase", "user_id": "nihao002", "device_id": "dev_nihao002_17", "timestamp": 1774663792161, "page": "checkout", "extra_data": {"products": [{"product_id": 1032, "price": 58, "quantity": 2}, {"product_id": 1021, "price": 89, "quantity": 1}, {"product_id": 1030, "price": 17, "quantity": 1}], "total_amount": 222}}
{"event_type": "app_launch", "user_id": "admin", "device_id": "dev_admin_5", "timestamp": 1774708321000, "page": "home", "extra_data": {"source": "direct"}}
{"event_type": "page_view", "user_id": "admin", "device_id": "dev_admin_5", "timestamp": 1774708322414, "page": "home", "extra_data": {}}
{"event_type": "page_view", "user_id": "admin", "device_id": "dev_admin_5", "timestamp": 1774708324000, "page": "product_1052", "extra_data": {"product_id": 1052, "price": 15}}
{"event_type": "click", "user_id": "admin", "device_id": "dev_admin_5", "timestamp": 1774708326199, "page": "product_1052", "extra_data": {"product_id": 1052, "element": "image"}}
{"event_type": "add_to_cart", "user_id": "admin", "device_id": "dev_admin_5", "timestamp": 1774708329045, "page": "product_1052", "extra_data": {"product_id": 1052, "price": 15, "quantity": 1}}
{"event_type": "page_view", "user_id": "admin", "device_id": "dev_admin_5", "timestamp": 1774708332229, "page": "product_1010", "extra_data": {"product_id": 1010, "price": 18}}
{"event_type": "add_to_cart", "user_id": "admin", "device_id": "dev_admin_5", "timestamp": 1774708336025, "page": "product_1010", "extra_data": {"product_id": 1010, "price": 18, "quantity": 3}}
{"event_type": "page_view", "user_id": "admin", "device_id": "dev_admin_5", "timestamp": 1774708338419, "page": "product_1043", "extra_data": {"product_id": 1043, "price": 22}}
{"event_type": "click", "user_id": "admin", "device_id": "dev_admin_5", "timestamp": 1774708340557, "page": "product_1043", "extra_data": {"product_id": 1043, "element": "image"}}
{"event_type": "page_view", "user_id": "admin", "device_id": "dev_admin_5", "timestamp": 1774708342380, "page": "product_1005", "extra_data": {"product_id": 1005, "price": 29}}
{"event_type": "click", "user_id": "admin", "device_id": "dev_admin_5", "timestamp": 1774708346591, "page": "product_1005", "extra_data": {"product_id": 1005, "element": "image"}}
{"event_type": "app_launch", "user_id": "nihao005", "device_id": "dev_nihao005_9", "timestamp": 1774708486000, "page": "home", "extra_data": {"source": "direct"}}
{"event_type": "page_view", "user_id": "nihao005", "device_id": "dev_nihao005_9", "timestamp": 1774708487648, "page": "home", "extra_data": {}}
{"event_type": "page_view", "user_id": "nihao005", "device_id": "dev_nihao005_9", "timestamp": 1774708489000, "page": "product_1015", "extra_data": {"product_id": 1015, "price": 97}}
{"event_type": "click", "user_id": "nihao005", "device_id": "dev_nihao005_9", "timestamp": 1774708493268, "page": "product_1015", "extra_data": {"product_id": 1015, "element": "image"}}
{"event_type": "add_to_cart", "user_id": "nihao005", "device_id": "dev_nihao005_9", "timestamp": 1774708495821, "page": "product_1015", "extra_data": {"product_id": 1015, "price": 97, "quantity": 3}}
{"event_type": "page_view", "user_id": "nihao005", "device_id": "dev_nihao005_9", "timestamp": 1774708499417, "page": "product_1035", "extra_data": {"product_id": 1035, "price": 100}}
{"event_type": "click", "user_id": "nihao005", "device_id": "dev_nihao005_9", "timestamp": 1774708502607, "page": "product_1035", "extra_data": {"product_id": 1035, "element": "image"}}
{"event_type": "add_to_cart", "user_id": "nihao005", "device_id": "dev_nihao005_9", "timestamp": 1774708504189, "page": "product_1035", "extra_data": {"product_id": 1035, "price": 100, "quantity": 2}}
{"event_type": "page_view", "user_id": "nihao005", "device_id": "dev_nihao005_9", "timestamp": 1774708506564, "page": "product_1005", "extra_data": {"product_id": 1005, "price": 29}}
{"event_type": "add_to_cart", "user_id": "nihao005", "device_id": "dev_nihao005_9", "timestamp": 1774708508754, "page": "product_1005", "extra_data": {"product_id": 1005, "price": 29, "quantity": 3}}
{"event_type": "purchase", "user_id": "nihao005", "device_id": "dev_nihao005_9", "timestamp": 1774708510989, "page": "checkout", "extra_data": {"products": [{"product_id": 1005, "price": 29, "quantity": 3}, {"product_id": 1015, "price": 97, "quantity": 3}, {"product_id": 1035, "price": 100, "quantity": 2}], "total_amount": 578}}
{"event_type": "app_launch", "user_id": "test005", "device_id": "dev_test005_23", "timestamp": 1774763917000, "page": "home", "extra_data": {"source": "direct"}}
{"event_type": "page_view", "user_id": "test005", "device_id": "dev_test005_23", "timestamp": 1774763918380, "page": "home", "extra_data": {}}
{"event_type": "page_view", "user_id": "test005", "device_id": "dev_test005_23", "timestamp": 1774763920000, "page": "product_1002", "extra_data": {"product_id": 1002, "price": 18}}
{"event_type": "click", "user_id": "test005", "device_id": "dev_test005_23", "timestamp": 1774763924812, "page": "product_1002", "extra_data": {"product_id": 1002, "element": "image"}}
{"event_type": "add_to_cart", "user_id": "test005", "device_id": "dev_test005_23", "timestamp": 1774763926833, "page": "product_1002", "extra_data": {"product_id": 1002, "price": 18, "quantity": 1}}
{"event_type": "page_view", "user_id": "test005", "device_id": "dev_test005_23", "timestamp": 1774763929012, "page": "product_1006", "extra_data": {"product_id": 1006, "price": 33}}
{"event_type": "click", "user_id": "test005", "device_id": "dev_test005_23", "timestamp": 1774763931052, "page": "product_1006", "extra_data": {"product_id": 1006, "element": "image"}}
{"event_type": "add_to_cart", "user_id": "test005", "device_id": "dev_test005_23", "timestamp": 1774763933408, "page": "product_1006", "extra_data": {"product_id": 1006, "price": 33, "quantity": 3}}
{"event_type": "page_view", "user_id": "test005", "device_id": "dev_test005_23", "timestamp": 1774763935572, "page": "product_1004", "extra_data": {"product_id": 1004, "price": 34}}
{"event_type": "add_to_cart", "user_id": "test005", "device_id": "dev_test005_23", "timestamp": 1774763939722, "page": "product_1004", "extra_data": {"product_id": 1004, "price": 34, "quantity": 2}}
{"event_type": "page_view", "user_id": "test005", "device_id": "dev_test005_23", "timestamp": 1774763942445, "page": "product_1024", "extra_data": {"product_id": 1024, "price": 79}}
{"event_type": "app_launch", "user_id": "admin", "device_id": "dev_admin_7", "timestamp": 1774770796000, "page": "home", "extra_data": {"source": "direct"}}
{"event_type": "page_view", "user_id": "admin", "device_id": "dev_admin_7", "timestamp": 1774770797519, "page": "home", "extra_data": {}}
{"event_type": "page_view", "user_id": "admin", "device_id": "dev_admin_7", "timestamp": 1774770799000, "page": "product_1040", "extra_data": {"product_id": 1040, "price": 11}}
{"event_type": "click", "user_id": "admin", "device_id": "dev_admin_7", "timestamp": 1774770802904, "page": "product_1040", "extra_data": {"product_id": 1040, "element": "image"}}
{"event_type": "page_view", "user_id": "admin", "device_id": "dev_admin_7", "timestamp": 1774770804290, "page": "product_1052", "extra_data": {"product_id": 1052, "price": 15}}
{"event_type": "page_view", "user_id": "admin", "device_id": "dev_admin_7", "timestamp": 1774770808891, "page": "product_1004", "extra_data": {"product_id": 1004, "price": 34}}
{"event_type": "click", "user_id": "admin", "device_id": "dev_admin_7", "timestamp": 1774770812126, "page": "product_1004", "extra_data": {"product_id": 1004, "element": "image"}}
{"event_type": "app_launch", "user_id": "renwei", "device_id": "dev_renwei_19", "timestamp": 1774772690000, "page": "home", "extra_data": {"source": "direct"}}
{"event_type": "page_view", "user_id": "renwei", "device_id": "dev_renwei_19", "timestamp": 1774772691802, "page": "home", "extra_data": {}}
{"event_type": "page_view", "user_id": "renwei", "device_id": "dev_renwei_19", "timestamp": 1774772693000, "page": "product_1014", "extra_data": {"product_id": 1014, "price": 89}}
{"event_type": "add_to_cart", "user_id": "renwei", "device_id": "dev_renwei_19", "timestamp": 1774772696476, "page": "product_1014", "extra_data": {"product_id": 1014, "price": 89, "quantity": 1}}
{"event_type": "page_view", "user_id": "renwei", "device_id": "dev_renwei_19", "timestamp": 1774772699693, "page": "product_1012", "extra_data": {"product_id": 1012, "price": 26}}
{"event_type": "click", "user_id": "renwei", "device_id": "dev_renwei_19", "timestamp": 1774772704377, "page": "product_1012", "extra_data": {"product_id": 1012, "element": "image"}}
{"event_type": "page_view", "user_id": "renwei", "device_id": "dev_renwei_19", "timestamp": 1774772706165, "page": "product_1011", "extra_data": {"product_id": 1011, "price": 58}}
{"event_type": "click", "user_id": "renwei", "device_id": "dev_renwei_19", "timestamp": 1774772710404, "page": "product_1011", "extra_data": {"product_id": 1011, "element": "image"}}
{"event_type": "page_view", "user_id": "renwei", "device_id": "dev_renwei_19", "timestamp": 1774772711585, "page": "product_1052", "extra_data": {"product_id": 1052, "price": 15}}
{"event_type": "click", "user_id": "renwei", "device_id": "dev_renwei_19", "timestamp": 1774772713751, "page": "product_1052", "extra_data": {"product_id": 1052, "element": "image"}}
{"event_type": "add_to_cart", "user_id": "renwei", "device_id": "dev_renwei_19", "timestamp": 1774772715551, "page": "product_1052", "extra_data": {"product_id": 1052, "price": 15, "quantity": 2}}
{"event_type": "page_view", "user_id": "renwei", "device_id": "dev_renwei_19", "timestamp": 1774772717635, "page": "product_1010", "extra_data": {"product_id": 1010, "price": 18}}
{"event_type": "click", "user_id": "renwei", "device_id": "dev_renwei_19", "timestamp": 1774772721633, "page": "product_1010", "extra_data": {"product_id": 1010, "element": "image"}}
{"event_type": "page_view", "user_id": "renwei", "device_id": "dev_renwei_19", "timestamp": 1774772723634, "page": "product_1003", "extra_data": {"product_id": 1003, "price": 23}}
{"event_type": "click", "user_id": "renwei", "device_id": "dev_renwei_19", "timestamp": 1774772725926, "page": "product_1003", "extra_data": {"product_id": 1003, "element": "image"}}
{"event_type": "app_launch", "user_id": "test005", "device_id": "dev_test005_0", "timestamp": 1774778961000, "page": "home", "extra_data": {"source": "direct"}}
{"event_type": "page_view", "user_id": "test005", "device_id": "dev_test005_0", "timestamp": 1774778962210, "page": "home", "extra_data": {}}
{"event_type": "page_view", "user_id": "test005", "device_id": "dev_test005_0", "timestamp": 1774778964000, "page": "product_1004", "extra_data": {"product_id": 1004, "price": 34}}
{"event_type": "click", "user_id": "test005", "device_id": "dev_test005_0", "timestamp": 1774778966080, "page": "product_1004", "extra_data": {"product_id": 1004, "element": "image"}}
{"event_type": "page_view", "user_id": "test005", "device_id": "dev_test005_0", "timestamp": 1774778968032, "page": "product_1010", "extra_data": {"product_id": 1010, "price": 18}}
{"event_type": "click", "user_id": "test005", "device_id": "dev_test005_0", "timestamp": 1774778971013, "page": "product_1010", "extra_data": {"product_id": 1010, "element": "image"}}
{"event_type": "page_view", "user_id": "test005", "device_id": "dev_test005_0", "timestamp": 1774778973599, "page": "product_1002", "extra_data": {"product_id": 1002, "price": 18}}
{"event_type": "page_view", "user_id": "test005", "device_id": "dev_test005_0", "timestamp": 1774778977059, "page": "product_1025", "extra_data": {"product_id": 1025, "price": 93}}
{"event_type": "app_launch", "user_id": "nihao005", "device_id": "dev_nihao005_11", "timestamp": 1774784464000, "page": "home", "extra_data": {"source": "direct"}}
{"event_type": "page_view", "user_id": "nihao005", "device_id": "dev_nihao005_11", "timestamp": 1774784464736, "page": "home", "extra_data": {}}
{"event_type": "page_view", "user_id": "nihao005", "device_id": "dev_nihao005_11", "timestamp": 1774784467000, "page": "product_1035", "extra_data": {"product_id": 1035, "price": 100}}
{"event_type": "click", "user_id": "nihao005", "device_id": "dev_nihao005_11", "timestamp": 1774784470814, "page": "product_1035", "extra_data": {"product_id": 1035, "element": "image"}}
{"event_type": "add_to_cart", "user_id": "nihao005", "device_id": "dev_nihao005_11", "timestamp": 1774784472113, "page": "product_1035", "extra_data": {"product_id": 1035, "price": 100, "quantity": 1}}
{"event_type": "page_view", "user_id": "nihao005", "device_id": "dev_nihao005_11", "timestamp": 1774784474444, "page": "product_1057", "extra_data": {"product_id": 1057, "price": 24}}
{"event_type": "page_view", "user_id": "nihao005", "device_id": "dev_nihao005_11", "timestamp": 1774784477687, "page": "product_1044", "extra_data": {"product_id": 1044, "price": 17}}
{"event_type": "add_to_cart", "user_id": "nihao005", "device_id": "dev_nihao005_11", "timestamp": 1774784482662, "page": "product_1044", "extra_data": {"product_id": 1044, "price": 17, "quantity": 3}}
{"event_type": "page_view", "user_id": "nihao005", "device_id": "dev_nihao005_11", "timestamp": 1774784484795, "page": "product_1006", "extra_data": {"product_id": 1006, "price": 33}}
{"event_type": "click", "user_id": "nihao005", "device_id": "dev_nihao005_11", "timestamp": 1774784487379, "page": "product_1006", "extra_data": {"product_id": 1006, "element": "image"}}
{"event_type": "page_view", "user_id": "nihao005", "device_id": "dev_nihao005_11", "timestamp": 1774784489544, "page": "product_1045", "extra_data": {"product_id": 1045, "price": 15}}
{"event_type": "add_to_cart", "user_id": "nihao005", "device_id": "dev_nihao005_11", "timestamp": 1774784493414, "page": "product_1045", "extra_data": {"product_id": 1045, "price": 15, "quantity": 3}}
{"event_type": "page_view", "user_id": "nihao005", "device_id": "dev_nihao005_11", "timestamp": 1774784497155, "page": "product_1005", "extra_data": {"product_id": 1005, "price": 29}}
{"event_type": "click", "user_id": "nihao005", "device_id": "dev_nihao005_11", "timestamp": 1774784500308, "page": "product_1005", "extra_data": {"product_id": 1005, "element": "image"}}
{"event_type": "app_launch", "user_id": "nihao002", "device_id": "dev_nihao002_15", "timestamp": 1774794566000, "page": "home", "extra_data": {"source": "direct"}}
{"event_type": "page_view", "user_id": "nihao002", "device_id": "dev_nihao002_15", "timestamp": 1774794567389, "page": "home", "extra_data": {}}
{"event_type": "page_view", "user_id": "nihao002", "device_id": "dev_nihao002_15", "timestamp": 1774794569000, "page": "product_1033", "extra_data": {"product_id": 1033, "price": 35}}
{"event_type": "click", "user_id": "nihao002", "device_id": "dev_nihao002_15", "timestamp": 1774794573992, "page": "product_1033", "extra_data": {"product_id": 1033, "element": "image"}}
{"event_type": "add_to_cart", "user_id": "nihao002", "device_id": "dev_nihao002_15", "timestamp": 1774794575677, "page": "product_1033", "extra_data": {"product_id": 1033, "price": 35, "quantity": 1}}
{"event_type": "page_view", "user_id": "nihao002", "device_id": "dev_nihao002_15", "timestamp": 1774794578693, "page": "product_1031", "extra_data": {"product_id": 1031, "price": 27}}
{"event_type": "page_view", "user_id": "nihao002", "device_id": "dev_nihao002_15", "timestamp": 1774794581688, "page": "product_1032", "extra_data": {"product_id": 1032, "price": 58}}
{"event_type": "click", "user_id": "nihao002", "device_id": "dev_nihao002_15", "timestamp": 1774794586268, "page": "product_1032", "extra_data": {"product_id": 1032, "element": "image"}}
{"event_type": "add_to_cart", "user_id": "nihao002", "device_id": "dev_nihao002_15", "timestamp": 1774794588859, "page": "product_1032", "extra_data": {"product_id": 1032, "price": 58, "quantity": 3}}
{"event_type": "page_view", "user_id": "nihao002", "device_id": "dev_nihao002_15", "timestamp": 1774794591137, "page": "product_1043", "extra_data": {"product_id": 1043, "price": 22}}
{"event_type": "page_view", "user_id": "nihao002", "device_id": "dev_nihao002_15", "timestamp": 1774794595532, "page": "product_1005", "extra_data": {"product_id": 1005, "price": 29}}
{"event_type": "page_view", "user_id": "nihao002", "device_id": "dev_nihao002_15", "timestamp": 1774794598702, "page": "product_1052", "extra_data": {"product_id": 1052, "price": 15}}
{"event_type": "click", "user_id": "nihao002", "device_id": "dev_nihao002_15", "timestamp": 1774794603105, "page": "product_1052", "extra_data": {"product_id": 1052, "element": "image"}}
{"event_type": "app_launch", "user_id": "andy001", "device_id": "dev_andy001_0", "timestamp": 1774831037000, "page": "home", "extra_data": {"source": "direct"}}
{"event_type": "page_view", "user_id": "andy001", "device_id": "dev_andy001_0", "timestamp": 1774831038808, "page": "home", "extra_data": {}}
{"event_type": "page_view", "user_id": "andy001", "device_id": "dev_andy001_0", "timestamp": 1774831040000, "page": "product_1052", "extra_data": {"product_id": 1052, "price": 15}}
{"event_type": "click", "user_id": "andy001", "device_id": "dev_andy001_0", "timestamp": 1774831043699, "page": "product_1052", "extra_data": {"product_id": 1052, "element": "image"}}
{"event_type": "page_view", "user_id": "andy001", "device_id": "dev_andy001_0", "timestamp": 1774831045912, "page": "product_1004", "extra_data": {"product_id": 1004, "price": 34}}
{"event_type": "click", "user_id": "andy001", "device_id": "dev_andy001_0", "timestamp": 1774831048966, "page": "product_1004", "extra_data": {"product_id": 1004, "element": "image"}}
{"event_type": "add_to_cart", "user_id": "andy001", "device_id": "dev_andy001_0", "timestamp": 1774831050334, "page": "product_1004", "extra_data": {"product_id": 1004, "price": 34, "quantity": 1}}
{"event_type": "page_view", "user_id": "andy001", "device_id": "dev_andy001_0", "timestamp": 1774831053684, "page": "product_1007", "extra_data": {"product_id": 1007, "price": 59}}
{"event_type": "click", "user_id": "andy001", "device_id": "dev_andy001_0", "timestamp": 1774831055898, "page": "product_1007", "extra_data": {"product_id": 1007, "element": "image"}}
{"event_type": "page_view", "user_id": "andy001", "device_id": "dev_andy001_0", "timestamp": 1774831058448, "page": "product_1024", "extra_data": {"product_id": 1024, "price": 79}}
{"event_type": "purchase", "user_id": "andy001", "device_id": "dev_andy001_0", "timestamp": 1774831063229, "page": "checkout", "extra_data": {"products": [{"product_id": 1004, "price": 34, "quantity": 1}], "total_amount": 34}}
{"event_type": "app_launch", "user_id": "andy001", "device_id": "dev_andy001_12", "timestamp": 1774835208000, "page": "home", "extra_data": {"source": "direct"}}
{"event_type": "page_view", "user_id": "andy001", "device_id": "dev_andy001_12", "timestamp": 1774835209670, "page": "home", "extra_data": {}}
{"event_type": "page_view", "user_id": "andy001", "device_id": "dev_andy001_12", "timestamp": 1774835211000, "page": "product_1001", "extra_data": {"product_id": 1001, "price": 67}}
{"event_type": "page_view", "user_id": "andy001", "device_id": "dev_andy001_12", "timestamp": 1774835215923, "page": "product_1044", "extra_data": {"product_id": 1044, "price": 17}}
{"event_type": "click", "user_id": "andy001", "device_id": "dev_andy001_12", "timestamp": 1774835219587, "page": "product_1044", "extra_data": {"product_id": 1044, "element": "image"}}
{"event_type": "page_view", "user_id": "andy001", "device_id": "dev_andy001_12", "timestamp": 1774835220635, "page": "product_1055", "extra_data": {"product_id": 1055, "price": 46}}
{"event_type": "app_launch", "user_id": "test005", "device_id": "dev_test005_3", "timestamp": 1774838584000, "page": "home", "extra_data": {"source": "direct"}}
{"event_type": "page_view", "user_id": "test005", "device_id": "dev_test005_3", "timestamp": 1774838585192, "page": "home", "extra_data": {}}
{"event_type": "page_view", "user_id": "test005", "device_id": "dev_test005_3", "timestamp": 1774838587000, "page": "product_1039", "extra_data": {"product_id": 1039, "price": 33}}
{"event_type": "page_view", "user_id": "test005", "device_id": "dev_test005_3", "timestamp": 1774838590670, "page": "product_1031", "extra_data": {"product_id": 1031, "price": 27}}
{"event_type": "page_view", "user_id": "test005", "device_id": "dev_test005_3", "timestamp": 1774838594935, "page": "product_1006", "extra_data": {"product_id": 1006, "price": 33}}
{"event_type": "add_to_cart", "user_id": "test005", "device_id": "dev_test005_3", "timestamp": 1774838597388, "page": "product_1006", "extra_data": {"product_id": 1006, "price": 33, "quantity": 3}}
{"event_type": "purchase", "user_id": "test005", "device_id": "dev_test005_3", "timestamp": 1774838600645, "page": "checkout", "extra_data": {"products": [{"product_id": 1006, "price": 33, "quantity": 3}], "total_amount": 99}}
{"event_type": "app_launch", "user_id": "nihao005", "device_id": "dev_nihao005_23", "timestamp": 1774852856000, "page": "home", "extra_data": {"source": "direct"}}
{"event_type": "page_view", "user_id": "nihao005", "device_id": "dev_nihao005_23", "timestamp": 1774852856920, "page": "home", "extra_data": {}}
{"event_type": "page_view", "user_id": "nihao005", "device_id": "dev_nihao005_23", "timestamp": 1774852859000, "page": "product_1045", "extra_data": {"product_id": 1045, "price": 15}}
{"event_type": "add_to_cart", "user_id": "nihao005", "device_id": "dev_nihao005_23", "timestamp": 1774852863664, "page": "product_1045", "extra_data": {"product_id": 1045, "price": 15, "quantity": 1}}
{"event_type": "page_view", "user_id": "nihao005", "device_id": "dev_nihao005_23", "timestamp": 1774852866363, "page": "product_1035", "extra_data": {"product_id": 1035, "price": 100}}
{"event_type": "add_to_cart", "user_id": "nihao005", "device_id": "dev_nihao005_23", "timestamp": 1774852869872, "page": "product_1035", "extra_data": {"product_id": 1035, "price": 100, "quantity": 1}}
{"event_type": "page_view", "user_id": "nihao005", "device_id": "dev_nihao005_23", "timestamp": 1774852873100, "page": "product_1005", "extra_data": {"product_id": 1005, "price": 29}}
{"event_type": "click", "user_id": "nihao005", "device_id": "dev_nihao005_23", "timestamp": 1774852875371, "page": "product_1005", "extra_data": {"product_id": 1005, "element": "image"}}
{"event_type": "add_to_cart", "user_id": "nihao005", "device_id": "dev_nihao005_23", "timestamp": 1774852877146, "page": "product_1005", "extra_data": {"product_id": 1005, "price": 29, "quantity": 1}}
{"event_type": "app_launch", "user_id": "nihao", "device_id": "dev_nihao_16", "timestamp": 1774853184000, "page": "home", "extra_data": {"source": "direct"}}
{"event_type": "page_view", "user_id": "nihao", "device_id": "dev_nihao_16", "timestamp": 1774853185878, "page": "home", "extra_data": {}}
{"event_type": "page_view", "user_id": "nihao", "device_id": "dev_nihao_16", "timestamp": 1774853187000, "page": "product_1023", "extra_data": {"product_id": 1023, "price": 96}}
{"event_type": "click", "user_id": "nihao", "device_id": "dev_nihao_16", "timestamp": 1774853190198, "page": "product_1023", "extra_data": {"product_id": 1023, "element": "image"}}
{"event_type": "add_to_cart", "user_id": "nihao", "device_id": "dev_nihao_16", "timestamp": 1774853192773, "page": "product_1023", "extra_data": {"product_id": 1023, "price": 96, "quantity": 2}}
{"event_type": "page_view", "user_id": "nihao", "device_id": "dev_nihao_16", "timestamp": 1774853195560, "page": "product_1015", "extra_data": {"product_id": 1015, "price": 97}}
{"event_type": "add_to_cart", "user_id": "nihao", "device_id": "dev_nihao_16", "timestamp": 1774853199571, "page": "product_1015", "extra_data": {"product_id": 1015, "price": 97, "quantity": 1}}
{"event_type": "app_launch", "user_id": "renwei", "device_id": "dev_renwei_18", "timestamp": 1774863382000, "page": "home", "extra_data": {"source": "direct"}}
{"event_type": "page_view", "user_id": "renwei", "device_id": "dev_renwei_18", "timestamp": 1774863383923, "page": "home", "extra_data": {}}
{"event_type": "page_view", "user_id": "renwei", "device_id": "dev_renwei_18", "timestamp": 1774863385000, "page": "product_1013", "extra_data": {"product_id": 1013, "price": 75}}
{"event_type": "add_to_cart", "user_id": "renwei", "device_id": "dev_renwei_18", "timestamp": 1774863387934, "page": "product_1013", "extra_data": {"product_id": 1013, "price": 75, "quantity": 2}}
{"event_type": "page_view", "user_id": "renwei", "device_id": "dev_renwei_18", "timestamp": 1774863390839, "page": "product_1014", "extra_data": {"product_id": 1014, "price": 89}}
{"event_type": "click", "user_id": "renwei", "device_id": "dev_renwei_18", "timestamp": 1774863393519, "page": "product_1014", "extra_data": {"product_id": 1014, "element": "image"}}
{"event_type": "page_view", "user_id": "renwei", "device_id": "dev_renwei_18", "timestamp": 1774863396007, "page": "product_1051", "extra_data": {"product_id": 1051, "price": 100}}
{"event_type": "click", "user_id": "renwei", "device_id": "dev_renwei_18", "timestamp": 1774863398872, "page": "product_1051", "extra_data": {"product_id": 1051, "element": "image"}}
{"event_type": "page_view", "user_id": "renwei", "device_id": "dev_renwei_18", "timestamp": 1774863401458, "page": "product_1012", "extra_data": {"product_id": 1012, "price": 26}}
{"event_type": "click", "user_id": "renwei", "device_id": "dev_renwei_18", "timestamp": 1774863404185, "page": "product_1012", "extra_data": {"product_id": 1012, "element": "image"}}
{"event_type": "page_view", "user_id": "renwei", "device_id": "dev_renwei_18", "timestamp": 1774863406341, "page": "product_1020", "extra_data": {"product_id": 1020, "price": 49}}
{"event_type": "add_to_cart", "user_id": "renwei", "device_id": "dev_renwei_18", "timestamp": 1774863409727, "page": "product_1020", "extra_data": {"product_id": 1020, "price": 49, "quantity": 3}}
{"event_type": "app_launch", "user_id": "test005", "device_id": "dev_test005_5", "timestamp": 1774864914000, "page": "home", "extra_data": {"source": "direct"}}
{"event_type": "page_view", "user_id": "test005", "device_id": "dev_test005_5", "timestamp": 1774864915179, "page": "home", "extra_data": {}}
{"event_type": "page_view", "user_id": "test005", "device_id": "dev_test005_5", "timestamp": 1774864917000, "page": "product_1008", "extra_data": {"product_id": 1008, "price": 23}}
{"event_type": "click", "user_id": "test005", "device_id": "dev_test005_5", "timestamp": 1774864920355, "page": "product_1008", "extra_data": {"product_id": 1008, "element": "image"}}
{"event_type": "page_view", "user_id": "test005", "device_id": "dev_test005_5", "timestamp": 1774864921691, "page": "product_1004", "extra_data": {"product_id": 1004, "price": 34}}
{"event_type": "page_view", "user_id": "test005", "device_id": "dev_test005_5", "timestamp": 1774864925637, "page": "product_1002", "extra_data": {"product_id": 1002, "price": 18}}
{"event_type": "click", "user_id": "test005", "device_id": "dev_test005_5", "timestamp": 1774864927655, "page": "product_1002", "extra_data": {"product_id": 1002, "element": "image"}}
{"event_type": "add_to_cart", "user_id": "test005", "device_id": "dev_test005_5", "timestamp": 1774864929412, "page": "product_1002", "extra_data": {"product_id": 1002, "price": 18, "quantity": 2}}
{"event_type": "page_view", "user_id": "test005", "device_id": "dev_test005_5", "timestamp": 1774864933234, "page": "product_1010", "extra_data": {"product_id": 1010, "price": 18}}
{"event_type": "add_to_cart", "user_id": "test005", "device_id": "dev_test005_5", "timestamp": 1774864937586, "page": "product_1010", "extra_data": {"product_id": 1010, "price": 18, "quantity": 2}}
{"event_type": "purchase", "user_id": "test005", "device_id": "dev_test005_5", "timestamp": 1774864940836, "page": "checkout", "extra_data": {"products": [{"product_id": 1002, "price": 18, "quantity": 2}, {"product_id": 1010, "price": 18, "quantity": 2}], "total_amount": 72}}
{"event_type": "app_launch", "user_id": "nihao005", "device_id": "dev_nihao005_6", "timestamp": 1774879769000, "page": "home", "extra_data": {"source": "direct"}}
{"event_type": "page_view", "user_id": "nihao005", "device_id": "dev_nihao005_6", "timestamp": 1774879770752, "page": "home", "extra_data": {}}
{"event_type": "page_view", "user_id": "nihao005", "device_id": "dev_nihao005_6", "timestamp": 1774879772000, "page": "product_1025", "extra_data": {"product_id": 1025, "price": 93}}
{"event_type": "click", "user_id": "nihao005", "device_id": "dev_nihao005_6", "timestamp": 1774879775434, "page": "product_1025", "extra_data": {"product_id": 1025, "element": "image"}}
{"event_type": "page_view", "user_id": "nihao005", "device_id": "dev_nihao005_6", "timestamp": 1774879777348, "page": "product_1035", "extra_data": {"product_id": 1035, "price": 100}}
{"event_type": "add_to_cart", "user_id": "nihao005", "device_id": "dev_nihao005_6", "timestamp": 1774879779470, "page": "product_1035", "extra_data": {"product_id": 1035, "price": 100, "quantity": 3}}
{"event_type": "page_view", "user_id": "nihao005", "device_id": "dev_nihao005_6", "timestamp": 1774879783149, "page": "product_1045", "extra_data": {"product_id": 1045, "price": 15}}
{"event_type": "click", "user_id": "nihao005", "device_id": "dev_nihao005_6", "timestamp": 1774879785995, "page": "product_1045", "extra_data": {"product_id": 1045, "element": "image"}}
{"event_type": "page_view", "user_id": "nihao005", "device_id": "dev_nihao005_6", "timestamp": 1774879788321, "page": "product_1015", "extra_data": {"product_id": 1015, "price": 97}}
{"event_type": "click", "user_id": "nihao005", "device_id": "dev_nihao005_6", "timestamp": 1774879792737, "page": "product_1015", "extra_data": {"product_id": 1015, "element": "image"}}
{"event_type": "add_to_cart", "user_id": "nihao005", "device_id": "dev_nihao005_6", "timestamp": 1774879794006, "page": "product_1015", "extra_data": {"product_id": 1015, "price": 97, "quantity": 1}}
{"event_type": "page_view", "user_id": "nihao005", "device_id": "dev_nihao005_6", "timestamp": 1774879797427, "page": "product_1005", "extra_data": {"product_id": 1005, "price": 29}}
{"event_type": "click", "user_id": "nihao005", "device_id": "dev_nihao005_6", "timestamp": 1774879800317, "page": "product_1005", "extra_data": {"product_id": 1005, "element": "image"}}
{"event_type": "add_to_cart", "user_id": "nihao005", "device_id": "dev_nihao005_6", "timestamp": 1774879802687, "page": "product_1005", "extra_data": {"product_id": 1005, "price": 29, "quantity": 1}}
{"event_type": "app_launch", "user_id": "nihao", "device_id": "dev_nihao_9", "timestamp": 1774915516000, "page": "home", "extra_data": {"source": "direct"}}
{"event_type": "page_view", "user_id": "nihao", "device_id": "dev_nihao_9", "timestamp": 1774915517559, "page": "home", "extra_data": {}}
{"event_type": "page_view", "user_id": "nihao", "device_id": "dev_nihao_9", "timestamp": 1774915519000, "page": "product_1021", "extra_data": {"product_id": 1021, "price": 89}}
{"event_type": "click", "user_id": "nihao", "device_id": "dev_nihao_9", "timestamp": 1774915521447, "page": "product_1021", "extra_data": {"product_id": 1021, "element": "image"}}
{"event_type": "page_view", "user_id": "nihao", "device_id": "dev_nihao_9", "timestamp": 1774915524377, "page": "product_1047", "extra_data": {"product_id": 1047, "price": 23}}
{"event_type": "page_view", "user_id": "nihao", "device_id": "dev_nihao_9", "timestamp": 1774915529187, "page": "product_1024", "extra_data": {"product_id": 1024, "price": 79}}
{"event_type": "click", "user_id": "nihao", "device_id": "dev_nihao_9", "timestamp": 1774915533842, "page": "product_1024", "extra_data": {"product_id": 1024, "element": "image"}}
{"event_type": "page_view", "user_id": "nihao", "device_id": "dev_nihao_9", "timestamp": 1774915535246, "page": "product_1003", "extra_data": {"product_id": 1003, "price": 23}}
{"event_type": "page_view", "user_id": "nihao", "device_id": "dev_nihao_9", "timestamp": 1774915537609, "page": "product_1022", "extra_data": {"product_id": 1022, "price": 58}}
{"event_type": "click", "user_id": "nihao", "device_id": "dev_nihao_9", "timestamp": 1774915541479, "page": "product_1022", "extra_data": {"product_id": 1022, "element": "image"}}
{"event_type": "page_view", "user_id": "nihao", "device_id": "dev_nihao_9", "timestamp": 1774915543504, "page": "product_1020", "extra_data": {"product_id": 1020, "price": 49}}
{"event_type": "click", "user_id": "nihao", "device_id": "dev_nihao_9", "timestamp": 1774915548224, "page": "product_1020", "extra_data": {"product_id": 1020, "element": "image"}}
{"event_type": "add_to_cart", "user_id": "nihao", "device_id": "dev_nihao_9", "timestamp": 1774915550841, "page": "product_1020", "extra_data": {"product_id": 1020, "price": 49, "quantity": 2}}
{"event_type": "page_view", "user_id": "nihao", "device_id": "dev_nihao_9", "timestamp": 1774915553718, "page": "product_1023", "extra_data": {"product_id": 1023, "price": 96}}
{"event_type": "purchase", "user_id": "nihao", "device_id": "dev_nihao_9", "timestamp": 1774915558616, "page": "checkout", "extra_data": {"products": [{"product_id": 1020, "price": 49, "quantity": 2}], "total_amount": 98}}
{"event_type": "app_launch", "user_id": "nihao004", "device_id": "dev_nihao004_3", "timestamp": 1774921895000, "page": "home", "extra_data": {"source": "direct"}}
{"event_type": "page_view", "user_id": "nihao004", "device_id": "dev_nihao004_3", "timestamp": 1774921896563, "page": "home", "extra_data": {}}
{"event_type": "page_view", "user_id": "nihao004", "device_id": "dev_nihao004_3", "timestamp": 1774921898000, "page": "product_1040", "extra_data": {"product_id": 1040, "price": 11}}
{"event_type": "add_to_cart", "user_id": "nihao004", "device_id": "dev_nihao004_3", "timestamp": 1774921900511, "page": "product_1040", "extra_data": {"product_id": 1040, "price": 11, "quantity": 3}}
{"event_type": "page_view", "user_id": "nihao004", "device_id": "dev_nihao004_3", "timestamp": 1774921902806, "page": "product_1030", "extra_data": {"product_id": 1030, "price": 17}}
{"event_type": "click", "user_id": "nihao004", "device_id": "dev_nihao004_3", "timestamp": 1774921906657, "page": "product_1030", "extra_data": {"product_id": 1030, "element": "image"}}
{"event_type": "add_to_cart", "user_id": "nihao004", "device_id": "dev_nihao004_3", "timestamp": 1774921907812, "page": "product_1030", "extra_data": {"product_id": 1030, "price": 17, "quantity": 3}}
{"event_type": "page_view", "user_id": "nihao004", "device_id": "dev_nihao004_3", "timestamp": 1774921910047, "page": "product_1041", "extra_data": {"product_id": 1041, "price": 97}}
{"event_type": "click", "user_id": "nihao004", "device_id": "dev_nihao004_3", "timestamp": 1774921914643, "page": "product_1041", "extra_data": {"product_id": 1041, "element": "image"}}
{"event_type": "add_to_cart", "user_id": "nihao004", "device_id": "dev_nihao004_3", "timestamp": 1774921915931, "page": "product_1041", "extra_data": {"product_id": 1041, "price": 97, "quantity": 2}}
{"event_type": "page_view", "user_id": "nihao004", "device_id": "dev_nihao004_3", "timestamp": 1774921919816, "page": "product_1002", "extra_data": {"product_id": 1002, "price": 18}}
{"event_type": "click", "user_id": "nihao004", "device_id": "dev_nihao004_3", "timestamp": 1774921923367, "page": "product_1002", "extra_data": {"product_id": 1002, "element": "image"}}
{"event_type": "page_view", "user_id": "nihao004", "device_id": "dev_nihao004_3", "timestamp": 1774921926359, "page": "product_1015", "extra_data": {"product_id": 1015, "price": 97}}
{"event_type": "purchase", "user_id": "nihao004", "device_id": "dev_nihao004_3", "timestamp": 1774921930835, "page": "checkout", "extra_data": {"products": [{"product_id": 1041, "price": 97, "quantity": 2}, {"product_id": 1040, "price": 11, "quantity": 3}, {"product_id": 1030, "price": 17, "quantity": 3}], "total_amount": 278}}
{"event_type": "app_launch", "user_id": "andy001", "device_id": "dev_andy001_9", "timestamp": 1774950031000, "page": "home", "extra_data": {"source": "direct"}}
{"event_type": "page_view", "user_id": "andy001", "device_id": "dev_andy001_9", "timestamp": 1774950032579, "page": "home", "extra_data": {}}
{"event_type": "page_view", "user_id": "andy001", "device_id": "dev_andy001_9", "timestamp": 1774950034000, "page": "product_1001", "extra_data": {"product_id": 1001, "price": 67}}
{"event_type": "click", "user_id": "andy001", "device_id": "dev_andy001_9", "timestamp": 1774950038027, "page": "product_1001", "extra_data": {"product_id": 1001, "element": "image"}}
{"event_type": "page_view", "user_id": "andy001", "device_id": "dev_andy001_9", "timestamp": 1774950040117, "page": "product_1004", "extra_data": {"product_id": 1004, "price": 34}}
{"event_type": "click", "user_id": "andy001", "device_id": "dev_andy001_9", "timestamp": 1774950043131, "page": "product_1004", "extra_data": {"product_id": 1004, "element": "image"}}
{"event_type": "add_to_cart", "user_id": "andy001", "device_id": "dev_andy001_9", "timestamp": 1774950045022, "page": "product_1004", "extra_data": {"product_id": 1004, "price": 34, "quantity": 3}}
{"event_type": "page_view", "user_id": "andy001", "device_id": "dev_andy001_9", "timestamp": 1774950047338, "page": "product_1044", "extra_data": {"product_id": 1044, "price": 17}}
{"event_type": "page_view", "user_id": "andy001", "device_id": "dev_andy001_9", "timestamp": 1774950049398, "page": "product_1002", "extra_data": {"product_id": 1002, "price": 18}}
{"event_type": "click", "user_id": "andy001", "device_id": "dev_andy001_9", "timestamp": 1774950052215, "page": "product_1002", "extra_data": {"product_id": 1002, "element": "image"}}
{"event_type": "add_to_cart", "user_id": "andy001", "device_id": "dev_andy001_9", "timestamp": 1774950054155, "page": "product_1002", "extra_data": {"product_id": 1002, "price": 18, "quantity": 2}}
{"event_type": "page_view", "user_id": "andy001", "device_id": "dev_andy001_9", "timestamp": 1774950056793, "page": "product_1003", "extra_data": {"product_id": 1003, "price": 23}}
{"event_type": "click", "user_id": "andy001", "device_id": "dev_andy001_9", "timestamp": 1774950060175, "page": "product_1003", "extra_data": {"product_id": 1003, "element": "image"}}
{"event_type": "add_to_cart", "user_id": "andy001", "device_id": "dev_andy001_9", "timestamp": 1774950062660, "page": "product_1003", "extra_data": {"product_id": 1003, "price": 23, "quantity": 2}}
{"event_type": "page_view", "user_id": "andy001", "device_id": "dev_andy001_9", "timestamp": 1774950066413, "page": "product_1005", "extra_data": {"product_id": 1005, "price": 29}}
{"event_type": "add_to_cart", "user_id": "andy001", "device_id": "dev_andy001_9", "timestamp": 1774950071013, "page": "product_1005", "extra_data": {"product_id": 1005, "price": 29, "quantity": 1}}
{"event_type": "app_launch", "user_id": "admin", "device_id": "dev_admin_1", "timestamp": 1774951745000, "page": "home", "extra_data": {"source": "direct"}}
{"event_type": "page_view", "user_id": "admin", "device_id": "dev_admin_1", "timestamp": 1774951746341, "page": "home", "extra_data": {}}
{"event_type": "page_view", "user_id": "admin", "device_id": "dev_admin_1", "timestamp": 1774951748000, "page": "product_1048", "extra_data": {"product_id": 1048, "price": 86}}
{"event_type": "click", "user_id": "admin", "device_id": "dev_admin_1", "timestamp": 1774951751651, "page": "product_1048", "extra_data": {"product_id": 1048, "element": "image"}}
{"event_type": "page_view", "user_id": "admin", "device_id": "dev_admin_1", "timestamp": 1774951753305, "page": "product_1052", "extra_data": {"product_id": 1052, "price": 15}}
{"event_type": "click", "user_id": "admin", "device_id": "dev_admin_1", "timestamp": 1774951758221, "page": "product_1052", "extra_data": {"product_id": 1052, "element": "image"}}
{"event_type": "add_to_cart", "user_id": "admin", "device_id": "dev_admin_1", "timestamp": 1774951759572, "page": "product_1052", "extra_data": {"product_id": 1052, "price": 15, "quantity": 1}}
{"event_type": "page_view", "user_id": "admin", "device_id": "dev_admin_1", "timestamp": 1774951762419, "page": "product_1031", "extra_data": {"product_id": 1031, "price": 27}}
{"event_type": "add_to_cart", "user_id": "admin", "device_id": "dev_admin_1", "timestamp": 1774951765549, "page": "product_1031", "extra_data": {"product_id": 1031, "price": 27, "quantity": 1}}
{"event_type": "app_launch", "user_id": "nihao005", "device_id": "dev_nihao005_15", "timestamp": 1774962040000, "page": "home", "extra_data": {"source": "direct"}}
{"event_type": "page_view", "user_id": "nihao005", "device_id": "dev_nihao005_15", "timestamp": 1774962041978, "page": "home", "extra_data": {}}
{"event_type": "page_view", "user_id": "nihao005", "device_id": "dev_nihao005_15", "timestamp": 1774962043000, "page": "product_1045", "extra_data": {"product_id": 1045, "price": 15}}
{"event_type": "click", "user_id": "nihao005", "device_id": "dev_nihao005_15", "timestamp": 1774962045000, "page": "product_1045", "extra_data": {"product_id": 1045, "element": "image"}}
{"event_type": "page_view", "user_id": "nihao005", "device_id": "dev_nihao005_15", "timestamp": 1774962047758, "page": "product_1024", "extra_data": {"product_id": 1024, "price": 79}}
{"event_type": "page_view", "user_id": "nihao005", "device_id": "dev_nihao005_15", "timestamp": 1774962052536, "page": "product_1025", "extra_data": {"product_id": 1025, "price": 93}}
{"event_type": "click", "user_id": "nihao005", "device_id": "dev_nihao005_15", "timestamp": 1774962057292, "page": "product_1025", "extra_data": {"product_id": 1025, "element": "image"}}
{"event_type": "add_to_cart", "user_id": "nihao005", "device_id": "dev_nihao005_15", "timestamp": 1774962058962, "page": "product_1025", "extra_data": {"product_id": 1025, "price": 93, "quantity": 1}}
{"event_type": "page_view", "user_id": "nihao005", "device_id": "dev_nihao005_15", "timestamp": 1774962061238, "page": "product_1015", "extra_data": {"product_id": 1015, "price": 97}}
{"event_type": "click", "user_id": "nihao005", "device_id": "dev_nihao005_15", "timestamp": 1774962063735, "page": "product_1015", "extra_data": {"product_id": 1015, "element": "image"}}
{"event_type": "add_to_cart", "user_id": "nihao005", "device_id": "dev_nihao005_15", "timestamp": 1774962065418, "page": "product_1015", "extra_data": {"product_id": 1015, "price": 97, "quantity": 2}}
{"event_type": "page_view", "user_id": "nihao005", "device_id": "dev_nihao005_15", "timestamp": 1774962069344, "page": "product_1041", "extra_data": {"product_id": 1041, "price": 97}}
{"event_type": "page_view", "user_id": "nihao005", "device_id": "dev_nihao005_15", "timestamp": 1774962073097, "page": "product_1049", "extra_data": {"product_id": 1049, "price": 62}}
{"event_type": "app_launch", "user_id": "nihao005", "device_id": "dev_nihao005_19", "timestamp": 1774962631000, "page": "home", "extra_data": {"source": "direct"}}
{"event_type": "page_view", "user_id": "nihao005", "device_id": "dev_nihao005_19", "timestamp": 1774962632835, "page": "home", "extra_data": {}}
{"event_type": "page_view", "user_id": "nihao005", "device_id": "dev_nihao005_19", "timestamp": 1774962634000, "page": "product_1045", "extra_data": {"product_id": 1045, "price": 15}}
{"event_type": "click", "user_id": "nihao005", "device_id": "dev_nihao005_19", "timestamp": 1774962638224, "page": "product_1045", "extra_data": {"product_id": 1045, "element": "image"}}
{"event_type": "add_to_cart", "user_id": "nihao005", "device_id": "dev_nihao005_19", "timestamp": 1774962640541, "page": "product_1045", "extra_data": {"product_id": 1045, "price": 15, "quantity": 2}}
{"event_type": "page_view", "user_id": "nihao005", "device_id": "dev_nihao005_19", "timestamp": 1774962643528, "page": "product_1005", "extra_data": {"product_id": 1005, "price": 29}}
{"event_type": "click", "user_id": "nihao005", "device_id": "dev_nihao005_19", "timestamp": 1774962645665, "page": "product_1005", "extra_data": {"product_id": 1005, "element": "image"}}
{"event_type": "page_view", "user_id": "nihao005", "device_id": "dev_nihao005_19", "timestamp": 1774962646745, "page": "product_1036", "extra_data": {"product_id": 1036, "price": 11}}
{"event_type": "click", "user_id": "nihao005", "device_id": "dev_nihao005_19", "timestamp": 1774962650454, "page": "product_1036", "extra_data": {"product_id": 1036, "element": "image"}}
{"event_type": "page_view", "user_id": "nihao005", "device_id": "dev_nihao005_19", "timestamp": 1774962651614, "page": "product_1007", "extra_data": {"product_id": 1007, "price": 59}}
{"event_type": "page_view", "user_id": "nihao005", "device_id": "dev_nihao005_19", "timestamp": 1774962656420, "page": "product_1015", "extra_data": {"product_id": 1015, "price": 97}}
{"event_type": "click", "user_id": "nihao005", "device_id": "dev_nihao005_19", "timestamp": 1774962659876, "page": "product_1015", "extra_data": {"product_id": 1015, "element": "image"}}
{"event_type": "add_to_cart", "user_id": "nihao005", "device_id": "dev_nihao005_19", "timestamp": 1774962662777, "page": "product_1015", "extra_data": {"product_id": 1015, "price": 97, "quantity": 2}}
{"event_type": "page_view", "user_id": "nihao005", "device_id": "dev_nihao005_19", "timestamp": 1774962666770, "page": "product_1051", "extra_data": {"product_id": 1051, "price": 100}}
{"event_type": "click", "user_id": "nihao005", "device_id": "dev_nihao005_19", "timestamp": 1774962670196, "page": "product_1051", "extra_data": {"product_id": 1051, "element": "image"}}
{"event_type": "add_to_cart", "user_id": "nihao005", "device_id": "dev_nihao005_19", "timestamp": 1774962671227, "page": "product_1051", "extra_data": {"product_id": 1051, "price": 100, "quantity": 1}}
{"event_type": "page_view", "user_id": "nihao005", "device_id": "dev_nihao005_19", "timestamp": 1774962675133, "page": "product_1035", "extra_data": {"product_id": 1035, "price": 100}}
{"event_type": "app_launch", "user_id": "test005", "device_id": "dev_test005_6", "timestamp": 1774967959000, "page": "home", "extra_data": {"source": "direct"}}
{"event_type": "page_view", "user_id": "test005", "device_id": "dev_test005_6", "timestamp": 1774967960895, "page": "home", "extra_data": {}}
{"event_type": "page_view", "user_id": "test005", "device_id": "dev_test005_6", "timestamp": 1774967962000, "page": "product_1004", "extra_data": {"product_id": 1004, "price": 34}}
{"event_type": "click", "user_id": "test005", "device_id": "dev_test005_6", "timestamp": 1774967964573, "page": "product_1004", "extra_data": {"product_id": 1004, "element": "image"}}
{"event_type": "add_to_cart", "user_id": "test005", "device_id": "dev_test005_6", "timestamp": 1774967966409, "page": "product_1004", "extra_data": {"product_id": 1004, "price": 34, "quantity": 3}}
{"event_type": "page_view", "user_id": "test005", "device_id": "dev_test005_6", "timestamp": 1774967969481, "page": "product_1002", "extra_data": {"product_id": 1002, "price": 18}}
{"event_type": "click", "user_id": "test005", "device_id": "dev_test005_6", "timestamp": 1774967974220, "page": "product_1002", "extra_data": {"product_id": 1002, "element": "image"}}
{"event_type": "page_view", "user_id": "test005", "device_id": "dev_test005_6", "timestamp": 1774967976266, "page": "product_1008", "extra_data": {"product_id": 1008, "price": 23}}
{"event_type": "click", "user_id": "test005", "device_id": "dev_test005_6", "timestamp": 1774967979350, "page": "product_1008", "extra_data": {"product_id": 1008, "element": "image"}}
{"event_type": "page_view", "user_id": "test005", "device_id": "dev_test005_6", "timestamp": 1774967980781, "page": "product_1046", "extra_data": {"product_id": 1046, "price": 22}}
{"event_type": "click", "user_id": "test005", "device_id": "dev_test005_6", "timestamp": 1774967985607, "page": "product_1046", "extra_data": {"product_id": 1046, "element": "image"}}
{"event_type": "page_view", "user_id": "test005", "device_id": "dev_test005_6", "timestamp": 1774967987700, "page": "product_1015", "extra_data": {"product_id": 1015, "price": 97}}
{"event_type": "page_view", "user_id": "test005", "device_id": "dev_test005_6", "timestamp": 1774967992364, "page": "product_1006", "extra_data": {"product_id": 1006, "price": 33}}
{"event_type": "click", "user_id": "test005", "device_id": "dev_test005_6", "timestamp": 1774967995726, "page": "product_1006", "extra_data": {"product_id": 1006, "element": "image"}}
{"event_type": "purchase", "user_id": "test005", "device_id": "dev_test005_6", "timestamp": 1774967997034, "page": "checkout", "extra_data": {"products": [{"product_id": 1004, "price": 34, "quantity": 3}], "total_amount": 102}}
